5000,7498
1,669,32
1,670,32
1,675,32
1,676,32
1,729,32
1,730,32
1,735,32
1,736,32
1,1269,32
1,1270,32
1,1275,32
1,1276,32
1,1329,32
1,1330,32
1,1335,32
1,1336,32
3,1869,32
3,1870,32
3,1875,32
3,1876,32
3,1929,32
3,1930,32
3,1935,32
3,1936,32
3,4269,16
3,4270,16
3,4275,16
3,4276,16
3,4329,16
3,4330,16
3,4335,16
3,4336,16
4,549,32
4,550,32
4,555,32
4,556,32
4,3069,16
4,3070,16
4,3075,16
4,3076,16
4,3129,16
4,3130,16
4,3135,16
4,3136,16
5,609,32
5,610,32
5,615,32
5,616,32
6,4869,16
6,4870,16
6,4875,16
6,4876,16
6,4929,16
6,4930,16
6,4935,16
6,4936,16
7,2469,32
7,2470,32
7,2475,32
7,2476,32
7,2529,32
7,2530,32
7,2535,32
7,2536,32
8,3669,32
8,3670,32
8,3675,32
8,3676,32
8,3729,32
8,3730,32
8,3735,32
8,3736,32
9,789,32
9,790,32
9,795,32
9,796,32
9,1029,16
9,1030,16
9,1035,16
9,1036,16
10,909,16
10,910,16
10,915,16
10,916,16
10,1149,16
10,1150,16
10,1155,16
10,1156,16
11,1209,16
11,1210,16
11,1215,16
11,1216,16
12,1089,16
12,1090,16
12,1095,16
12,1096,16
13,849,32
13,850,32
13,855,32
13,856,32
14,969,32
14,970,32
14,975,32
14,976,32
15,1389,32
15,1390,32
15,1395,32
15,1396,32
15,1629,16
15,1630,16
15,1635,16
15,1636,16
16,1509,16
16,1510,16
16,1515,16
16,1516,16
16,1749,16
16,1750,16
16,1755,16
16,1756,16
17,1809,16
17,1810,16
17,1815,16
17,1816,16
18,1689,16
18,1690,16
18,1695,16
18,1696,16
19,1449,32
19,1450,32
19,1455,32
19,1456,32
20,1569,32
20,1570,32
20,1575,32
20,1576,32
21,1989,32
21,1990,32
21,1995,32
21,1996,32
21,2229,16
21,2230,16
21,2235,16
21,2236,16
22,2109,16
22,2110,16
22,2115,16
22,2116,16
22,2349,16
22,2350,16
22,2355,16
22,2356,16
23,2409,16
23,2410,16
23,2415,16
23,2416,16
24,2289,16
24,2290,16
24,2295,16
24,2296,16
25,2049,32
25,2050,32
25,2055,32
25,2056,32
26,2169,32
26,2170,32
26,2175,32
26,2176,32
27,2589,32
27,2590,32
27,2595,32
27,2596,32
27,2829,16
27,2830,16
27,2835,16
27,2836,16
28,2709,16
28,2710,16
28,2715,16
28,2716,16
28,2949,16
28,2950,16
28,2955,16
28,2956,16
29,3009,16
29,3010,16
29,3015,16
29,3016,16
30,2889,16
30,2890,16
30,2895,16
30,2896,16
31,2649,32
31,2650,32
31,2655,32
31,2656,32
32,2769,32
32,2770,32
32,2775,32
32,2776,32
33,3189,16
33,3190,16
33,3195,16
33,3196,16
33,3429,8
33,3430,8
33,3435,8
33,3436,8
34,3309,8
34,3310,8
34,3315,8
34,3316,8
34,3549,8
34,3550,8
34,3555,8
34,3556,8
35,3609,8
35,3610,8
35,3615,8
35,3616,8
36,3489,8
36,3490,8
36,3495,8
36,3496,8
37,3249,16
37,3250,16
37,3255,16
37,3256,16
38,3369,16
38,3370,16
38,3375,16
38,3376,16
39,3789,32
39,3790,32
39,3795,32
39,3796,32
39,4029,16
39,4030,16
39,4035,16
39,4036,16
40,3909,16
40,3910,16
40,3915,16
40,3916,16
40,4149,16
40,4150,16
40,4155,16
40,4156,16
41,4209,16
41,4210,16
41,4215,16
41,4216,16
42,4089,16
42,4090,16
42,4095,16
42,4096,16
43,3849,32
43,3850,32
43,3855,32
43,3856,32
44,3969,32
44,3970,32
44,3975,32
44,3976,32
45,4389,16
45,4390,16
45,4395,16
45,4396,16
45,4629,8
45,4630,8
45,4635,8
45,4636,8
46,4509,8
46,4510,8
46,4515,8
46,4516,8
46,4749,8
46,4750,8
46,4755,8
46,4756,8
47,4809,8
47,4810,8
47,4815,8
47,4816,8
48,4689,8
48,4690,8
48,4695,8
48,4696,8
49,4449,16
49,4450,16
49,4455,16
49,4456,16
50,4569,16
50,4570,16
50,4575,16
50,4576,16
51,525,16
51,526,16
51,4989,16
51,4990,16
51,4995,16
51,4996,16
52,513,16
52,514,16
52,537,16
52,538,16
53,543,16
53,544,16
54,531,16
54,532,16
55,507,32
55,508,32
56,519,32
56,520,32
57,561,32
57,562,32
57,585,16
57,586,16
58,573,16
58,574,16
58,597,16
58,598,16
59,603,16
59,604,16
60,591,16
60,592,16
61,567,32
61,568,32
62,579,32
62,580,32
63,621,32
63,622,32
63,645,16
63,646,16
64,633,16
64,634,16
64,657,16
64,658,16
65,663,16
65,664,16
66,651,16
66,652,16
67,627,32
67,628,32
68,639,32
68,640,32
69,681,32
69,682,32
69,705,16
69,706,16
70,693,16
70,694,16
70,717,16
70,718,16
71,723,16
71,724,16
72,711,16
72,712,16
73,687,32
73,688,32
74,699,32
74,700,32
75,741,32
75,742,32
75,765,16
75,766,16
76,753,16
76,754,16
76,777,16
76,778,16
77,783,16
77,784,16
78,771,16
78,772,16
79,747,32
79,748,32
80,759,32
80,760,32
81,801,32
81,802,32
81,825,16
81,826,16
82,813,16
82,814,16
82,837,16
82,838,16
83,843,16
83,844,16
84,831,16
84,832,16
85,807,32
85,808,32
86,819,32
86,820,32
87,861,32
87,862,32
87,885,16
87,886,16
88,873,16
88,874,16
88,897,16
88,898,16
89,903,16
89,904,16
90,891,16
90,892,16
91,867,32
91,868,32
92,879,32
92,880,32
93,921,16
93,922,16
93,945,8
93,946,8
94,933,8
94,934,8
94,957,8
94,958,8
95,963,8
95,964,8
96,951,8
96,952,8
97,927,16
97,928,16
98,939,16
98,940,16
99,981,32
99,982,32
99,1005,16
99,1006,16
100,993,16
100,994,16
100,1017,16
100,1018,16
101,1023,16
101,1024,16
102,1011,16
102,1012,16
103,987,32
103,988,32
104,999,32
104,1000,32
105,1041,16
105,1042,16
105,1065,8
105,1066,8
106,1053,8
106,1054,8
106,1077,8
106,1078,8
107,1083,8
107,1084,8
108,1071,8
108,1072,8
109,1047,16
109,1048,16
110,1059,16
110,1060,16
111,1101,16
111,1102,16
111,1125,8
111,1126,8
112,1113,8
112,1114,8
112,1137,8
112,1138,8
113,1143,8
113,1144,8
114,1131,8
114,1132,8
115,1107,16
115,1108,16
116,1119,16
116,1120,16
117,1161,16
117,1162,16
117,1185,8
117,1186,8
118,1173,8
118,1174,8
118,1197,8
118,1198,8
119,1203,8
119,1204,8
120,1191,8
120,1192,8
121,1167,16
121,1168,16
122,1179,16
122,1180,16
123,1221,16
123,1222,16
123,1245,8
123,1246,8
124,1233,8
124,1234,8
124,1257,8
124,1258,8
125,1263,8
125,1264,8
126,1251,8
126,1252,8
127,1227,16
127,1228,16
128,1239,16
128,1240,16
129,1281,32
129,1282,32
129,1305,16
129,1306,16
130,1293,16
130,1294,16
130,1317,16
130,1318,16
131,1323,16
131,1324,16
132,1311,16
132,1312,16
133,1287,32
133,1288,32
134,1299,32
134,1300,32
135,1341,32
135,1342,32
135,1365,16
135,1366,16
136,1353,16
136,1354,16
136,1377,16
136,1378,16
137,1383,16
137,1384,16
138,1371,16
138,1372,16
139,1347,32
139,1348,32
140,1359,32
140,1360,32
141,1401,32
141,1402,32
141,1425,16
141,1426,16
142,1413,16
142,1414,16
142,1437,16
142,1438,16
143,1443,16
143,1444,16
144,1431,16
144,1432,16
145,1407,32
145,1408,32
146,1419,32
146,1420,32
147,1461,32
147,1462,32
147,1485,16
147,1486,16
148,1473,16
148,1474,16
148,1497,16
148,1498,16
149,1503,16
149,1504,16
150,1491,16
150,1492,16
151,1467,32
151,1468,32
152,1479,32
152,1480,32
153,1521,16
153,1522,16
153,1545,8
153,1546,8
154,1533,8
154,1534,8
154,1557,8
154,1558,8
155,1563,8
155,1564,8
156,1551,8
156,1552,8
157,1527,16
157,1528,16
158,1539,16
158,1540,16
159,1581,32
159,1582,32
159,1605,16
159,1606,16
160,1593,16
160,1594,16
160,1617,16
160,1618,16
161,1623,16
161,1624,16
162,1611,16
162,1612,16
163,1587,32
163,1588,32
164,1599,32
164,1600,32
165,1641,16
165,1642,16
165,1665,8
165,1666,8
166,1653,8
166,1654,8
166,1677,8
166,1678,8
167,1683,8
167,1684,8
168,1671,8
168,1672,8
169,1647,16
169,1648,16
170,1659,16
170,1660,16
171,1701,16
171,1702,16
171,1725,8
171,1726,8
172,1713,8
172,1714,8
172,1737,8
172,1738,8
173,1743,8
173,1744,8
174,1731,8
174,1732,8
175,1707,16
175,1708,16
176,1719,16
176,1720,16
177,1761,16
177,1762,16
177,1785,8
177,1786,8
178,1773,8
178,1774,8
178,1797,8
178,1798,8
179,1803,8
179,1804,8
180,1791,8
180,1792,8
181,1767,16
181,1768,16
182,1779,16
182,1780,16
183,1821,16
183,1822,16
183,1845,8
183,1846,8
184,1833,8
184,1834,8
184,1857,8
184,1858,8
185,1863,8
185,1864,8
186,1851,8
186,1852,8
187,1827,16
187,1828,16
188,1839,16
188,1840,16
189,1881,32
189,1882,32
189,1905,16
189,1906,16
190,1893,16
190,1894,16
190,1917,16
190,1918,16
191,1923,16
191,1924,16
192,1911,16
192,1912,16
193,1887,32
193,1888,32
194,1899,32
194,1900,32
195,1941,32
195,1942,32
195,1965,16
195,1966,16
196,1953,16
196,1954,16
196,1977,16
196,1978,16
197,1983,16
197,1984,16
198,1971,16
198,1972,16
199,1947,32
199,1948,32
200,1959,32
200,1960,32
201,2001,32
201,2002,32
201,2025,16
201,2026,16
202,2013,16
202,2014,16
202,2037,16
202,2038,16
203,2043,16
203,2044,16
204,2031,16
204,2032,16
205,2007,32
205,2008,32
206,2019,32
206,2020,32
207,2061,32
207,2062,32
207,2085,16
207,2086,16
208,2073,16
208,2074,16
208,2097,16
208,2098,16
209,2103,16
209,2104,16
210,2091,16
210,2092,16
211,2067,32
211,2068,32
212,2079,32
212,2080,32
213,2121,16
213,2122,16
213,2145,8
213,2146,8
214,2133,8
214,2134,8
214,2157,8
214,2158,8
215,2163,8
215,2164,8
216,2151,8
216,2152,8
217,2127,16
217,2128,16
218,2139,16
218,2140,16
219,2181,32
219,2182,32
219,2205,16
219,2206,16
220,2193,16
220,2194,16
220,2217,16
220,2218,16
221,2223,16
221,2224,16
222,2211,16
222,2212,16
223,2187,32
223,2188,32
224,2199,32
224,2200,32
225,2241,16
225,2242,16
225,2265,8
225,2266,8
226,2253,8
226,2254,8
226,2277,8
226,2278,8
227,2283,8
227,2284,8
228,2271,8
228,2272,8
229,2247,16
229,2248,16
230,2259,16
230,2260,16
231,2301,16
231,2302,16
231,2325,8
231,2326,8
232,2313,8
232,2314,8
232,2337,8
232,2338,8
233,2343,8
233,2344,8
234,2331,8
234,2332,8
235,2307,16
235,2308,16
236,2319,16
236,2320,16
237,2361,16
237,2362,16
237,2385,8
237,2386,8
238,2373,8
238,2374,8
238,2397,8
238,2398,8
239,2403,8
239,2404,8
240,2391,8
240,2392,8
241,2367,16
241,2368,16
242,2379,16
242,2380,16
243,2421,16
243,2422,16
243,2445,8
243,2446,8
244,2433,8
244,2434,8
244,2457,8
244,2458,8
245,2463,8
245,2464,8
246,2451,8
246,2452,8
247,2427,16
247,2428,16
248,2439,16
248,2440,16
249,2481,32
249,2482,32
249,2505,16
249,2506,16
250,2493,16
250,2494,16
250,2517,16
250,2518,16
251,2523,16
251,2524,16
252,2511,16
252,2512,16
253,2487,32
253,2488,32
254,2499,32
254,2500,32
255,2541,32
255,2542,32
255,2565,16
255,2566,16
256,2553,16
256,2554,16
256,2577,16
256,2578,16
257,2583,16
257,2584,16
258,2571,16
258,2572,16
259,2547,32
259,2548,32
260,2559,32
260,2560,32
261,2601,32
261,2602,32
261,2625,16
261,2626,16
262,2613,16
262,2614,16
262,2637,16
262,2638,16
263,2643,16
263,2644,16
264,2631,16
264,2632,16
265,2607,32
265,2608,32
266,2619,32
266,2620,32
267,2661,32
267,2662,32
267,2685,16
267,2686,16
268,2673,16
268,2674,16
268,2697,16
268,2698,16
269,2703,16
269,2704,16
270,2691,16
270,2692,16
271,2667,32
271,2668,32
272,2679,32
272,2680,32
273,2721,16
273,2722,16
273,2745,8
273,2746,8
274,2733,8
274,2734,8
274,2757,8
274,2758,8
275,2763,8
275,2764,8
276,2751,8
276,2752,8
277,2727,16
277,2728,16
278,2739,16
278,2740,16
279,2781,32
279,2782,32
279,2805,16
279,2806,16
280,2793,16
280,2794,16
280,2817,16
280,2818,16
281,2823,16
281,2824,16
282,2811,16
282,2812,16
283,2787,32
283,2788,32
284,2799,32
284,2800,32
285,2841,16
285,2842,16
285,2865,8
285,2866,8
286,2853,8
286,2854,8
286,2877,8
286,2878,8
287,2883,8
287,2884,8
288,2871,8
288,2872,8
289,2847,16
289,2848,16
290,2859,16
290,2860,16
291,2901,16
291,2902,16
291,2925,8
291,2926,8
292,2913,8
292,2914,8
292,2937,8
292,2938,8
293,2943,8
293,2944,8
294,2931,8
294,2932,8
295,2907,16
295,2908,16
296,2919,16
296,2920,16
297,2961,16
297,2962,16
297,2985,8
297,2986,8
298,2973,8
298,2974,8
298,2997,8
298,2998,8
299,3003,8
299,3004,8
300,2991,8
300,2992,8
301,2967,16
301,2968,16
302,2979,16
302,2980,16
303,3021,16
303,3022,16
303,3045,8
303,3046,8
304,3033,8
304,3034,8
304,3057,8
304,3058,8
305,3063,8
305,3064,8
306,3051,8
306,3052,8
307,3027,16
307,3028,16
308,3039,16
308,3040,16
309,3081,16
309,3082,16
309,3105,8
309,3106,8
310,3093,8
310,3094,8
310,3117,8
310,3118,8
311,3123,8
311,3124,8
312,3111,8
312,3112,8
313,3087,16
313,3088,16
314,3099,16
314,3100,16
315,3141,16
315,3142,16
315,3165,8
315,3166,8
316,3153,8
316,3154,8
316,3177,8
316,3178,8
317,3183,8
317,3184,8
318,3171,8
318,3172,8
319,3147,16
319,3148,16
320,3159,16
320,3160,16
321,3201,16
321,3202,16
321,3225,8
321,3226,8
322,3213,8
322,3214,8
322,3237,8
322,3238,8
323,3243,8
323,3244,8
324,3231,8
324,3232,8
325,3207,16
325,3208,16
326,3219,16
326,3220,16
327,3261,16
327,3262,16
327,3285,8
327,3286,8
328,3273,8
328,3274,8
328,3297,8
328,3298,8
329,3303,8
329,3304,8
330,3291,8
330,3292,8
331,3267,16
331,3268,16
332,3279,16
332,3280,16
333,3321,8
333,3322,8
333,3345,4
333,3346,4
334,3333,4
334,3334,4
334,3357,4
334,3358,4
335,3363,4
335,3364,4
336,3351,4
336,3352,4
337,3327,8
337,3328,8
338,3339,8
338,3340,8
339,3381,16
339,3382,16
339,3405,8
339,3406,8
340,3393,8
340,3394,8
340,3417,8
340,3418,8
341,3423,8
341,3424,8
342,3411,8
342,3412,8
343,3387,16
343,3388,16
344,3399,16
344,3400,16
345,3441,8
345,3442,8
345,3465,4
345,3466,4
346,3453,4
346,3454,4
346,3477,4
346,3478,4
347,3483,4
347,3484,4
348,3471,4
348,3472,4
349,3447,8
349,3448,8
350,3459,8
350,3460,8
351,3501,8
351,3502,8
351,3525,4
351,3526,4
352,3513,4
352,3514,4
352,3537,4
352,3538,4
353,3543,4
353,3544,4
354,3531,4
354,3532,4
355,3507,8
355,3508,8
356,3519,8
356,3520,8
357,3561,8
357,3562,8
357,3585,4
357,3586,4
358,3573,4
358,3574,4
358,3597,4
358,3598,4
359,3603,4
359,3604,4
360,3591,4
360,3592,4
361,3567,8
361,3568,8
362,3579,8
362,3580,8
363,3621,8
363,3622,8
363,3645,4
363,3646,4
364,3633,4
364,3634,4
364,3657,4
364,3658,4
365,3663,4
365,3664,4
366,3651,4
366,3652,4
367,3627,8
367,3628,8
368,3639,8
368,3640,8
369,3681,32
369,3682,32
369,3705,16
369,3706,16
370,3693,16
370,3694,16
370,3717,16
370,3718,16
371,3723,16
371,3724,16
372,3711,16
372,3712,16
373,3687,32
373,3688,32
374,3699,32
374,3700,32
375,3741,32
375,3742,32
375,3765,16
375,3766,16
376,3753,16
376,3754,16
376,3777,16
376,3778,16
377,3783,16
377,3784,16
378,3771,16
378,3772,16
379,3747,32
379,3748,32
380,3759,32
380,3760,32
381,3801,32
381,3802,32
381,3825,16
381,3826,16
382,3813,16
382,3814,16
382,3837,16
382,3838,16
383,3843,16
383,3844,16
384,3831,16
384,3832,16
385,3807,32
385,3808,32
386,3819,32
386,3820,32
387,3861,32
387,3862,32
387,3885,16
387,3886,16
388,3873,16
388,3874,16
388,3897,16
388,3898,16
389,3903,16
389,3904,16
390,3891,16
390,3892,16
391,3867,32
391,3868,32
392,3879,32
392,3880,32
393,3921,16
393,3922,16
393,3945,8
393,3946,8
394,3933,8
394,3934,8
394,3957,8
394,3958,8
395,3963,8
395,3964,8
396,3951,8
396,3952,8
397,3927,16
397,3928,16
398,3939,16
398,3940,16
399,3981,32
399,3982,32
399,4005,16
399,4006,16
400,3993,16
400,3994,16
400,4017,16
400,4018,16
401,4023,16
401,4024,16
402,4011,16
402,4012,16
403,3987,32
403,3988,32
404,3999,32
404,4000,32
405,4041,16
405,4042,16
405,4065,8
405,4066,8
406,4053,8
406,4054,8
406,4077,8
406,4078,8
407,4083,8
407,4084,8
408,4071,8
408,4072,8
409,4047,16
409,4048,16
410,4059,16
410,4060,16
411,4101,16
411,4102,16
411,4125,8
411,4126,8
412,4113,8
412,4114,8
412,4137,8
412,4138,8
413,4143,8
413,4144,8
414,4131,8
414,4132,8
415,4107,16
415,4108,16
416,4119,16
416,4120,16
417,4161,16
417,4162,16
417,4185,8
417,4186,8
418,4173,8
418,4174,8
418,4197,8
418,4198,8
419,4203,8
419,4204,8
420,4191,8
420,4192,8
421,4167,16
421,4168,16
422,4179,16
422,4180,16
423,4221,16
423,4222,16
423,4245,8
423,4246,8
424,4233,8
424,4234,8
424,4257,8
424,4258,8
425,4263,8
425,4264,8
426,4251,8
426,4252,8
427,4227,16
427,4228,16
428,4239,16
428,4240,16
429,4281,16
429,4282,16
429,4305,8
429,4306,8
430,4293,8
430,4294,8
430,4317,8
430,4318,8
431,4323,8
431,4324,8
432,4311,8
432,4312,8
433,4287,16
433,4288,16
434,4299,16
434,4300,16
435,4341,16
435,4342,16
435,4365,8
435,4366,8
436,4353,8
436,4354,8
436,4377,8
436,4378,8
437,4383,8
437,4384,8
438,4371,8
438,4372,8
439,4347,16
439,4348,16
440,4359,16
440,4360,16
441,4401,16
441,4402,16
441,4425,8
441,4426,8
442,4413,8
442,4414,8
442,4437,8
442,4438,8
443,4443,8
443,4444,8
444,4431,8
444,4432,8
445,4407,16
445,4408,16
446,4419,16
446,4420,16
447,4461,16
447,4462,16
447,4485,8
447,4486,8
448,4473,8
448,4474,8
448,4497,8
448,4498,8
449,4503,8
449,4504,8
450,4491,8
450,4492,8
451,4467,16
451,4468,16
452,4479,16
452,4480,16
453,4521,8
453,4522,8
453,4545,4
453,4546,4
454,4533,4
454,4534,4
454,4557,4
454,4558,4
455,4563,4
455,4564,4
456,4551,4
456,4552,4
457,4527,8
457,4528,8
458,4539,8
458,4540,8
459,4581,16
459,4582,16
459,4605,8
459,4606,8
460,4593,8
460,4594,8
460,4617,8
460,4618,8
461,4623,8
461,4624,8
462,4611,8
462,4612,8
463,4587,16
463,4588,16
464,4599,16
464,4600,16
465,4641,8
465,4642,8
465,4665,4
465,4666,4
466,4653,4
466,4654,4
466,4677,4
466,4678,4
467,4683,4
467,4684,4
468,4671,4
468,4672,4
469,4647,8
469,4648,8
470,4659,8
470,4660,8
471,4701,8
471,4702,8
471,4725,4
471,4726,4
472,4713,4
472,4714,4
472,4737,4
472,4738,4
473,4743,4
473,4744,4
474,4731,4
474,4732,4
475,4707,8
475,4708,8
476,4719,8
476,4720,8
477,4761,8
477,4762,8
477,4785,4
477,4786,4
478,4773,4
478,4774,4
478,4797,4
478,4798,4
479,4803,4
479,4804,4
480,4791,4
480,4792,4
481,4767,8
481,4768,8
482,4779,8
482,4780,8
483,4821,8
483,4822,8
483,4845,4
483,4846,4
484,4833,4
484,4834,4
484,4857,4
484,4858,4
485,4863,4
485,4864,4
486,4851,4
486,4852,4
487,4827,8
487,4828,8
488,4839,8
488,4840,8
489,4881,16
489,4882,16
489,4905,8
489,4906,8
490,4893,8
490,4894,8
490,4917,8
490,4918,8
491,4923,8
491,4924,8
492,4911,8
492,4912,8
493,4887,16
493,4888,16
494,4899,16
494,4900,16
495,4941,16
495,4942,16
495,4965,8
495,4966,8
496,4953,8
496,4954,8
496,4977,8
496,4978,8
497,4983,8
497,4984,8
498,4971,8
498,4972,8
499,4947,16
499,4948,16
500,4959,16
500,4960,16
501,504,16
501,505,32
502,503,16
502,506,16
503,505,16
504,506,16
505,55,32
506,55,32
507,510,16
507,511,32
508,509,16
508,512,16
509,511,16
510,512,16
511,8,32
512,8,32
513,516,8
513,517,16
514,515,8
514,518,8
515,517,8
516,518,8
517,56,16
518,56,16
519,522,16
519,523,32
520,521,16
520,524,16
521,523,16
522,524,16
523,8,32
524,8,32
525,528,8
525,529,16
526,527,8
526,530,8
527,529,8
528,530,8
529,54,16
530,54,16
531,534,8
531,535,16
532,533,8
532,536,8
533,535,8
534,536,8
535,56,16
536,56,16
537,540,8
537,541,16
538,539,8
538,542,8
539,541,8
540,542,8
541,53,16
542,53,16
543,546,8
543,547,16
544,545,8
544,548,8
545,547,8
546,548,8
547,55,16
548,55,16
549,552,16
549,553,32
550,551,16
550,554,16
551,553,16
552,554,16
553,57,32
554,57,32
555,558,16
555,559,32
556,557,16
556,560,16
557,559,16
558,560,16
559,58,32
560,58,32
561,564,16
561,565,32
562,563,16
562,566,16
563,565,16
564,566,16
565,61,32
566,61,32
567,570,16
567,571,32
568,569,16
568,572,16
569,571,16
570,572,16
571,5,32
572,5,32
573,576,8
573,577,16
574,575,8
574,578,8
575,577,8
576,578,8
577,62,16
578,62,16
579,582,16
579,583,32
580,581,16
580,584,16
581,583,16
582,584,16
583,5,32
584,5,32
585,588,8
585,589,16
586,587,8
586,590,8
587,589,8
588,590,8
589,60,16
590,60,16
591,594,8
591,595,16
592,593,8
592,596,8
593,595,8
594,596,8
595,62,16
596,62,16
597,600,8
597,601,16
598,599,8
598,602,8
599,601,8
600,602,8
601,59,16
602,59,16
603,606,8
603,607,16
604,605,8
604,608,8
605,607,8
606,608,8
607,61,16
608,61,16
609,612,16
609,613,32
610,611,16
610,614,16
611,613,16
612,614,16
613,63,32
614,63,32
615,618,16
615,619,32
616,617,16
616,620,16
617,619,16
618,620,16
619,64,32
620,64,32
621,624,16
621,625,32
622,623,16
622,626,16
623,625,16
624,626,16
625,67,32
626,67,32
627,630,16
627,631,32
628,629,16
628,632,16
629,631,16
630,632,16
631,7,32
632,7,32
633,636,8
633,637,16
634,635,8
634,638,8
635,637,8
636,638,8
637,68,16
638,68,16
639,642,16
639,643,32
640,641,16
640,644,16
641,643,16
642,644,16
643,7,32
644,7,32
645,648,8
645,649,16
646,647,8
646,650,8
647,649,8
648,650,8
649,66,16
650,66,16
651,654,8
651,655,16
652,653,8
652,656,8
653,655,8
654,656,8
655,68,16
656,68,16
657,660,8
657,661,16
658,659,8
658,662,8
659,661,8
660,662,8
661,65,16
662,65,16
663,666,8
663,667,16
664,665,8
664,668,8
665,667,8
666,668,8
667,67,16
668,67,16
669,672,16
669,673,32
670,671,16
670,674,16
671,673,16
672,674,16
673,69,32
674,69,32
675,678,16
675,679,32
676,677,16
676,680,16
677,679,16
678,680,16
679,70,32
680,70,32
681,684,16
681,685,32
682,683,16
682,686,16
683,685,16
684,686,16
685,73,32
686,73,32
687,690,16
687,691,32
688,689,16
688,692,16
689,691,16
690,692,16
691,9,32
692,9,32
693,696,8
693,697,16
694,695,8
694,698,8
695,697,8
696,698,8
697,74,16
698,74,16
699,702,16
699,703,32
700,701,16
700,704,16
701,703,16
702,704,16
703,9,32
704,9,32
705,708,8
705,709,16
706,707,8
706,710,8
707,709,8
708,710,8
709,72,16
710,72,16
711,714,8
711,715,16
712,713,8
712,716,8
713,715,8
714,716,8
715,74,16
716,74,16
717,720,8
717,721,16
718,719,8
718,722,8
719,721,8
720,722,8
721,71,16
722,71,16
723,726,8
723,727,16
724,725,8
724,728,8
725,727,8
726,728,8
727,73,16
728,73,16
729,732,16
729,733,32
730,731,16
730,734,16
731,733,16
732,734,16
733,75,32
734,75,32
735,738,16
735,739,32
736,737,16
736,740,16
737,739,16
738,740,16
739,76,32
740,76,32
741,744,16
741,745,32
742,743,16
742,746,16
743,745,16
744,746,16
745,79,32
746,79,32
747,750,16
747,751,32
748,749,16
748,752,16
749,751,16
750,752,16
751,10,32
752,10,32
753,756,8
753,757,16
754,755,8
754,758,8
755,757,8
756,758,8
757,80,16
758,80,16
759,762,16
759,763,32
760,761,16
760,764,16
761,763,16
762,764,16
763,10,32
764,10,32
765,768,8
765,769,16
766,767,8
766,770,8
767,769,8
768,770,8
769,78,16
770,78,16
771,774,8
771,775,16
772,773,8
772,776,8
773,775,8
774,776,8
775,80,16
776,80,16
777,780,8
777,781,16
778,779,8
778,782,8
779,781,8
780,782,8
781,77,16
782,77,16
783,786,8
783,787,16
784,785,8
784,788,8
785,787,8
786,788,8
787,79,16
788,79,16
789,792,16
789,793,32
790,791,16
790,794,16
791,793,16
792,794,16
793,81,32
794,81,32
795,798,16
795,799,32
796,797,16
796,800,16
797,799,16
798,800,16
799,82,32
800,82,32
801,804,16
801,805,32
802,803,16
802,806,16
803,805,16
804,806,16
805,85,32
806,85,32
807,810,16
807,811,32
808,809,16
808,812,16
809,811,16
810,812,16
811,13,32
812,13,32
813,816,8
813,817,16
814,815,8
814,818,8
815,817,8
816,818,8
817,86,16
818,86,16
819,822,16
819,823,32
820,821,16
820,824,16
821,823,16
822,824,16
823,13,32
824,13,32
825,828,8
825,829,16
826,827,8
826,830,8
827,829,8
828,830,8
829,84,16
830,84,16
831,834,8
831,835,16
832,833,8
832,836,8
833,835,8
834,836,8
835,86,16
836,86,16
837,840,8
837,841,16
838,839,8
838,842,8
839,841,8
840,842,8
841,83,16
842,83,16
843,846,8
843,847,16
844,845,8
844,848,8
845,847,8
846,848,8
847,85,16
848,85,16
849,852,16
849,853,32
850,851,16
850,854,16
851,853,16
852,854,16
853,87,32
854,87,32
855,858,16
855,859,32
856,857,16
856,860,16
857,859,16
858,860,16
859,88,32
860,88,32
861,864,16
861,865,32
862,863,16
862,866,16
863,865,16
864,866,16
865,91,32
866,91,32
867,870,16
867,871,32
868,869,16
868,872,16
869,871,16
870,872,16
871,3,32
872,3,32
873,876,8
873,877,16
874,875,8
874,878,8
875,877,8
876,878,8
877,92,16
878,92,16
879,882,16
879,883,32
880,881,16
880,884,16
881,883,16
882,884,16
883,3,32
884,3,32
885,888,8
885,889,16
886,887,8
886,890,8
887,889,8
888,890,8
889,90,16
890,90,16
891,894,8
891,895,16
892,893,8
892,896,8
893,895,8
894,896,8
895,92,16
896,92,16
897,900,8
897,901,16
898,899,8
898,902,8
899,901,8
900,902,8
901,89,16
902,89,16
903,906,8
903,907,16
904,905,8
904,908,8
905,907,8
906,908,8
907,91,16
908,91,16
909,912,8
909,913,16
910,911,8
910,914,8
911,913,8
912,914,8
913,93,16
914,93,16
915,918,8
915,919,16
916,917,8
916,920,8
917,919,8
918,920,8
919,94,16
920,94,16
921,924,8
921,925,16
922,923,8
922,926,8
923,925,8
924,926,8
925,97,16
926,97,16
927,930,8
927,931,16
928,929,8
928,932,8
929,931,8
930,932,8
931,14,16
932,14,16
933,936,4
933,937,8
934,935,4
934,938,4
935,937,4
936,938,4
937,98,8
938,98,8
939,942,8
939,943,16
940,941,8
940,944,8
941,943,8
942,944,8
943,14,16
944,14,16
945,948,4
945,949,8
946,947,4
946,950,4
947,949,4
948,950,4
949,96,8
950,96,8
951,954,4
951,955,8
952,953,4
952,956,4
953,955,4
954,956,4
955,98,8
956,98,8
957,960,4
957,961,8
958,959,4
958,962,4
959,961,4
960,962,4
961,95,8
962,95,8
963,966,4
963,967,8
964,965,4
964,968,4
965,967,4
966,968,4
967,97,8
968,97,8
969,972,16
969,973,32
970,971,16
970,974,16
971,973,16
972,974,16
973,99,32
974,99,32
975,978,16
975,979,32
976,977,16
976,980,16
977,979,16
978,980,16
979,100,32
980,100,32
981,984,16
981,985,32
982,983,16
982,986,16
983,985,16
984,986,16
985,103,32
986,103,32
987,990,16
987,991,32
988,989,16
988,992,16
989,991,16
990,992,16
991,3,32
992,3,32
993,996,8
993,997,16
994,995,8
994,998,8
995,997,8
996,998,8
997,104,16
998,104,16
999,1002,16
999,1003,32
1000,1001,16
1000,1004,16
1001,1003,16
1002,1004,16
1003,3,32
1004,3,32
1005,1008,8
1005,1009,16
1006,1007,8
1006,1010,8
1007,1009,8
1008,1010,8
1009,102,16
1010,102,16
1011,1014,8
1011,1015,16
1012,1013,8
1012,1016,8
1013,1015,8
1014,1016,8
1015,104,16
1016,104,16
1017,1020,8
1017,1021,16
1018,1019,8
1018,1022,8
1019,1021,8
1020,1022,8
1021,101,16
1022,101,16
1023,1026,8
1023,1027,16
1024,1025,8
1024,1028,8
1025,1027,8
1026,1028,8
1027,103,16
1028,103,16
1029,1032,8
1029,1033,16
1030,1031,8
1030,1034,8
1031,1033,8
1032,1034,8
1033,105,16
1034,105,16
1035,1038,8
1035,1039,16
1036,1037,8
1036,1040,8
1037,1039,8
1038,1040,8
1039,106,16
1040,106,16
1041,1044,8
1041,1045,16
1042,1043,8
1042,1046,8
1043,1045,8
1044,1046,8
1045,109,16
1046,109,16
1047,1050,8
1047,1051,16
1048,1049,8
1048,1052,8
1049,1051,8
1050,1052,8
1051,12,16
1052,12,16
1053,1056,4
1053,1057,8
1054,1055,4
1054,1058,4
1055,1057,4
1056,1058,4
1057,110,8
1058,110,8
1059,1062,8
1059,1063,16
1060,1061,8
1060,1064,8
1061,1063,8
1062,1064,8
1063,12,16
1064,12,16
1065,1068,4
1065,1069,8
1066,1067,4
1066,1070,4
1067,1069,4
1068,1070,4
1069,108,8
1070,108,8
1071,1074,4
1071,1075,8
1072,1073,4
1072,1076,4
1073,1075,4
1074,1076,4
1075,110,8
1076,110,8
1077,1080,4
1077,1081,8
1078,1079,4
1078,1082,4
1079,1081,4
1080,1082,4
1081,107,8
1082,107,8
1083,1086,4
1083,1087,8
1084,1085,4
1084,1088,4
1085,1087,4
1086,1088,4
1087,109,8
1088,109,8
1089,1092,8
1089,1093,16
1090,1091,8
1090,1094,8
1091,1093,8
1092,1094,8
1093,111,16
1094,111,16
1095,1098,8
1095,1099,16
1096,1097,8
1096,1100,8
1097,1099,8
1098,1100,8
1099,112,16
1100,112,16
1101,1104,8
1101,1105,16
1102,1103,8
1102,1106,8
1103,1105,8
1104,1106,8
1105,115,16
1106,115,16
1107,1110,8
1107,1111,16
1108,1109,8
1108,1112,8
1109,1111,8
1110,1112,8
1111,14,16
1112,14,16
1113,1116,4
1113,1117,8
1114,1115,4
1114,1118,4
1115,1117,4
1116,1118,4
1117,116,8
1118,116,8
1119,1122,8
1119,1123,16
1120,1121,8
1120,1124,8
1121,1123,8
1122,1124,8
1123,14,16
1124,14,16
1125,1128,4
1125,1129,8
1126,1127,4
1126,1130,4
1127,1129,4
1128,1130,4
1129,114,8
1130,114,8
1131,1134,4
1131,1135,8
1132,1133,4
1132,1136,4
1133,1135,4
1134,1136,4
1135,116,8
1136,116,8
1137,1140,4
1137,1141,8
1138,1139,4
1138,1142,4
1139,1141,4
1140,1142,4
1141,113,8
1142,113,8
1143,1146,4
1143,1147,8
1144,1145,4
1144,1148,4
1145,1147,4
1146,1148,4
1147,115,8
1148,115,8
1149,1152,8
1149,1153,16
1150,1151,8
1150,1154,8
1151,1153,8
1152,1154,8
1153,117,16
1154,117,16
1155,1158,8
1155,1159,16
1156,1157,8
1156,1160,8
1157,1159,8
1158,1160,8
1159,118,16
1160,118,16
1161,1164,8
1161,1165,16
1162,1163,8
1162,1166,8
1163,1165,8
1164,1166,8
1165,121,16
1166,121,16
1167,1170,8
1167,1171,16
1168,1169,8
1168,1172,8
1169,1171,8
1170,1172,8
1171,11,16
1172,11,16
1173,1176,4
1173,1177,8
1174,1175,4
1174,1178,4
1175,1177,4
1176,1178,4
1177,122,8
1178,122,8
1179,1182,8
1179,1183,16
1180,1181,8
1180,1184,8
1181,1183,8
1182,1184,8
1183,11,16
1184,11,16
1185,1188,4
1185,1189,8
1186,1187,4
1186,1190,4
1187,1189,4
1188,1190,4
1189,120,8
1190,120,8
1191,1194,4
1191,1195,8
1192,1193,4
1192,1196,4
1193,1195,4
1194,1196,4
1195,122,8
1196,122,8
1197,1200,4
1197,1201,8
1198,1199,4
1198,1202,4
1199,1201,4
1200,1202,4
1201,119,8
1202,119,8
1203,1206,4
1203,1207,8
1204,1205,4
1204,1208,4
1205,1207,4
1206,1208,4
1207,121,8
1208,121,8
1209,1212,8
1209,1213,16
1210,1211,8
1210,1214,8
1211,1213,8
1212,1214,8
1213,123,16
1214,123,16
1215,1218,8
1215,1219,16
1216,1217,8
1216,1220,8
1217,1219,8
1218,1220,8
1219,124,16
1220,124,16
1221,1224,8
1221,1225,16
1222,1223,8
1222,1226,8
1223,1225,8
1224,1226,8
1225,127,16
1226,127,16
1227,1230,8
1227,1231,16
1228,1229,8
1228,1232,8
1229,1231,8
1230,1232,8
1231,13,16
1232,13,16
1233,1236,4
1233,1237,8
1234,1235,4
1234,1238,4
1235,1237,4
1236,1238,4
1237,128,8
1238,128,8
1239,1242,8
1239,1243,16
1240,1241,8
1240,1244,8
1241,1243,8
1242,1244,8
1243,13,16
1244,13,16
1245,1248,4
1245,1249,8
1246,1247,4
1246,1250,4
1247,1249,4
1248,1250,4
1249,126,8
1250,126,8
1251,1254,4
1251,1255,8
1252,1253,4
1252,1256,4
1253,1255,4
1254,1256,4
1255,128,8
1256,128,8
1257,1260,4
1257,1261,8
1258,1259,4
1258,1262,4
1259,1261,4
1260,1262,4
1261,125,8
1262,125,8
1263,1266,4
1263,1267,8
1264,1265,4
1264,1268,4
1265,1267,4
1266,1268,4
1267,127,8
1268,127,8
1269,1272,16
1269,1273,32
1270,1271,16
1270,1274,16
1271,1273,16
1272,1274,16
1273,129,32
1274,129,32
1275,1278,16
1275,1279,32
1276,1277,16
1276,1280,16
1277,1279,16
1278,1280,16
1279,130,32
1280,130,32
1281,1284,16
1281,1285,32
1282,1283,16
1282,1286,16
1283,1285,16
1284,1286,16
1285,133,32
1286,133,32
1287,1290,16
1287,1291,32
1288,1289,16
1288,1292,16
1289,1291,16
1290,1292,16
1291,15,32
1292,15,32
1293,1296,8
1293,1297,16
1294,1295,8
1294,1298,8
1295,1297,8
1296,1298,8
1297,134,16
1298,134,16
1299,1302,16
1299,1303,32
1300,1301,16
1300,1304,16
1301,1303,16
1302,1304,16
1303,15,32
1304,15,32
1305,1308,8
1305,1309,16
1306,1307,8
1306,1310,8
1307,1309,8
1308,1310,8
1309,132,16
1310,132,16
1311,1314,8
1311,1315,16
1312,1313,8
1312,1316,8
1313,1315,8
1314,1316,8
1315,134,16
1316,134,16
1317,1320,8
1317,1321,16
1318,1319,8
1318,1322,8
1319,1321,8
1320,1322,8
1321,131,16
1322,131,16
1323,1326,8
1323,1327,16
1324,1325,8
1324,1328,8
1325,1327,8
1326,1328,8
1327,133,16
1328,133,16
1329,1332,16
1329,1333,32
1330,1331,16
1330,1334,16
1331,1333,16
1332,1334,16
1333,135,32
1334,135,32
1335,1338,16
1335,1339,32
1336,1337,16
1336,1340,16
1337,1339,16
1338,1340,16
1339,136,32
1340,136,32
1341,1344,16
1341,1345,32
1342,1343,16
1342,1346,16
1343,1345,16
1344,1346,16
1345,139,32
1346,139,32
1347,1350,16
1347,1351,32
1348,1349,16
1348,1352,16
1349,1351,16
1350,1352,16
1351,16,32
1352,16,32
1353,1356,8
1353,1357,16
1354,1355,8
1354,1358,8
1355,1357,8
1356,1358,8
1357,140,16
1358,140,16
1359,1362,16
1359,1363,32
1360,1361,16
1360,1364,16
1361,1363,16
1362,1364,16
1363,16,32
1364,16,32
1365,1368,8
1365,1369,16
1366,1367,8
1366,1370,8
1367,1369,8
1368,1370,8
1369,138,16
1370,138,16
1371,1374,8
1371,1375,16
1372,1373,8
1372,1376,8
1373,1375,8
1374,1376,8
1375,140,16
1376,140,16
1377,1380,8
1377,1381,16
1378,1379,8
1378,1382,8
1379,1381,8
1380,1382,8
1381,137,16
1382,137,16
1383,1386,8
1383,1387,16
1384,1385,8
1384,1388,8
1385,1387,8
1386,1388,8
1387,139,16
1388,139,16
1389,1392,16
1389,1393,32
1390,1391,16
1390,1394,16
1391,1393,16
1392,1394,16
1393,141,32
1394,141,32
1395,1398,16
1395,1399,32
1396,1397,16
1396,1400,16
1397,1399,16
1398,1400,16
1399,142,32
1400,142,32
1401,1404,16
1401,1405,32
1402,1403,16
1402,1406,16
1403,1405,16
1404,1406,16
1405,145,32
1406,145,32
1407,1410,16
1407,1411,32
1408,1409,16
1408,1412,16
1409,1411,16
1410,1412,16
1411,19,32
1412,19,32
1413,1416,8
1413,1417,16
1414,1415,8
1414,1418,8
1415,1417,8
1416,1418,8
1417,146,16
1418,146,16
1419,1422,16
1419,1423,32
1420,1421,16
1420,1424,16
1421,1423,16
1422,1424,16
1423,19,32
1424,19,32
1425,1428,8
1425,1429,16
1426,1427,8
1426,1430,8
1427,1429,8
1428,1430,8
1429,144,16
1430,144,16
1431,1434,8
1431,1435,16
1432,1433,8
1432,1436,8
1433,1435,8
1434,1436,8
1435,146,16
1436,146,16
1437,1440,8
1437,1441,16
1438,1439,8
1438,1442,8
1439,1441,8
1440,1442,8
1441,143,16
1442,143,16
1443,1446,8
1443,1447,16
1444,1445,8
1444,1448,8
1445,1447,8
1446,1448,8
1447,145,16
1448,145,16
1449,1452,16
1449,1453,32
1450,1451,16
1450,1454,16
1451,1453,16
1452,1454,16
1453,147,32
1454,147,32
1455,1458,16
1455,1459,32
1456,1457,16
1456,1460,16
1457,1459,16
1458,1460,16
1459,148,32
1460,148,32
1461,1464,16
1461,1465,32
1462,1463,16
1462,1466,16
1463,1465,16
1464,1466,16
1465,151,32
1466,151,32
1467,1470,16
1467,1471,32
1468,1469,16
1468,1472,16
1469,1471,16
1470,1472,16
1471,4,32
1472,4,32
1473,1476,8
1473,1477,16
1474,1475,8
1474,1478,8
1475,1477,8
1476,1478,8
1477,152,16
1478,152,16
1479,1482,16
1479,1483,32
1480,1481,16
1480,1484,16
1481,1483,16
1482,1484,16
1483,4,32
1484,4,32
1485,1488,8
1485,1489,16
1486,1487,8
1486,1490,8
1487,1489,8
1488,1490,8
1489,150,16
1490,150,16
1491,1494,8
1491,1495,16
1492,1493,8
1492,1496,8
1493,1495,8
1494,1496,8
1495,152,16
1496,152,16
1497,1500,8
1497,1501,16
1498,1499,8
1498,1502,8
1499,1501,8
1500,1502,8
1501,149,16
1502,149,16
1503,1506,8
1503,1507,16
1504,1505,8
1504,1508,8
1505,1507,8
1506,1508,8
1507,151,16
1508,151,16
1509,1512,8
1509,1513,16
1510,1511,8
1510,1514,8
1511,1513,8
1512,1514,8
1513,153,16
1514,153,16
1515,1518,8
1515,1519,16
1516,1517,8
1516,1520,8
1517,1519,8
1518,1520,8
1519,154,16
1520,154,16
1521,1524,8
1521,1525,16
1522,1523,8
1522,1526,8
1523,1525,8
1524,1526,8
1525,157,16
1526,157,16
1527,1530,8
1527,1531,16
1528,1529,8
1528,1532,8
1529,1531,8
1530,1532,8
1531,20,16
1532,20,16
1533,1536,4
1533,1537,8
1534,1535,4
1534,1538,4
1535,1537,4
1536,1538,4
1537,158,8
1538,158,8
1539,1542,8
1539,1543,16
1540,1541,8
1540,1544,8
1541,1543,8
1542,1544,8
1543,20,16
1544,20,16
1545,1548,4
1545,1549,8
1546,1547,4
1546,1550,4
1547,1549,4
1548,1550,4
1549,156,8
1550,156,8
1551,1554,4
1551,1555,8
1552,1553,4
1552,1556,4
1553,1555,4
1554,1556,4
1555,158,8
1556,158,8
1557,1560,4
1557,1561,8
1558,1559,4
1558,1562,4
1559,1561,4
1560,1562,4
1561,155,8
1562,155,8
1563,1566,4
1563,1567,8
1564,1565,4
1564,1568,4
1565,1567,4
1566,1568,4
1567,157,8
1568,157,8
1569,1572,16
1569,1573,32
1570,1571,16
1570,1574,16
1571,1573,16
1572,1574,16
1573,159,32
1574,159,32
1575,1578,16
1575,1579,32
1576,1577,16
1576,1580,16
1577,1579,16
1578,1580,16
1579,160,32
1580,160,32
1581,1584,16
1581,1585,32
1582,1583,16
1582,1586,16
1583,1585,16
1584,1586,16
1585,163,32
1586,163,32
1587,1590,16
1587,1591,32
1588,1589,16
1588,1592,16
1589,1591,16
1590,1592,16
1591,4,32
1592,4,32
1593,1596,8
1593,1597,16
1594,1595,8
1594,1598,8
1595,1597,8
1596,1598,8
1597,164,16
1598,164,16
1599,1602,16
1599,1603,32
1600,1601,16
1600,1604,16
1601,1603,16
1602,1604,16
1603,4,32
1604,4,32
1605,1608,8
1605,1609,16
1606,1607,8
1606,1610,8
1607,1609,8
1608,1610,8
1609,162,16
1610,162,16
1611,1614,8
1611,1615,16
1612,1613,8
1612,1616,8
1613,1615,8
1614,1616,8
1615,164,16
1616,164,16
1617,1620,8
1617,1621,16
1618,1619,8
1618,1622,8
1619,1621,8
1620,1622,8
1621,161,16
1622,161,16
1623,1626,8
1623,1627,16
1624,1625,8
1624,1628,8
1625,1627,8
1626,1628,8
1627,163,16
1628,163,16
1629,1632,8
1629,1633,16
1630,1631,8
1630,1634,8
1631,1633,8
1632,1634,8
1633,165,16
1634,165,16
1635,1638,8
1635,1639,16
1636,1637,8
1636,1640,8
1637,1639,8
1638,1640,8
1639,166,16
1640,166,16
1641,1644,8
1641,1645,16
1642,1643,8
1642,1646,8
1643,1645,8
1644,1646,8
1645,169,16
1646,169,16
1647,1650,8
1647,1651,16
1648,1649,8
1648,1652,8
1649,1651,8
1650,1652,8
1651,18,16
1652,18,16
1653,1656,4
1653,1657,8
1654,1655,4
1654,1658,4
1655,1657,4
1656,1658,4
1657,170,8
1658,170,8
1659,1662,8
1659,1663,16
1660,1661,8
1660,1664,8
1661,1663,8
1662,1664,8
1663,18,16
1664,18,16
1665,1668,4
1665,1669,8
1666,1667,4
1666,1670,4
1667,1669,4
1668,1670,4
1669,168,8
1670,168,8
1671,1674,4
1671,1675,8
1672,1673,4
1672,1676,4
1673,1675,4
1674,1676,4
1675,170,8
1676,170,8
1677,1680,4
1677,1681,8
1678,1679,4
1678,1682,4
1679,1681,4
1680,1682,4
1681,167,8
1682,167,8
1683,1686,4
1683,1687,8
1684,1685,4
1684,1688,4
1685,1687,4
1686,1688,4
1687,169,8
1688,169,8
1689,1692,8
1689,1693,16
1690,1691,8
1690,1694,8
1691,1693,8
1692,1694,8
1693,171,16
1694,171,16
1695,1698,8
1695,1699,16
1696,1697,8
1696,1700,8
1697,1699,8
1698,1700,8
1699,172,16
1700,172,16
1701,1704,8
1701,1705,16
1702,1703,8
1702,1706,8
1703,1705,8
1704,1706,8
1705,175,16
1706,175,16
1707,1710,8
1707,1711,16
1708,1709,8
1708,1712,8
1709,1711,8
1710,1712,8
1711,20,16
1712,20,16
1713,1716,4
1713,1717,8
1714,1715,4
1714,1718,4
1715,1717,4
1716,1718,4
1717,176,8
1718,176,8
1719,1722,8
1719,1723,16
1720,1721,8
1720,1724,8
1721,1723,8
1722,1724,8
1723,20,16
1724,20,16
1725,1728,4
1725,1729,8
1726,1727,4
1726,1730,4
1727,1729,4
1728,1730,4
1729,174,8
1730,174,8
1731,1734,4
1731,1735,8
1732,1733,4
1732,1736,4
1733,1735,4
1734,1736,4
1735,176,8
1736,176,8
1737,1740,4
1737,1741,8
1738,1739,4
1738,1742,4
1739,1741,4
1740,1742,4
1741,173,8
1742,173,8
1743,1746,4
1743,1747,8
1744,1745,4
1744,1748,4
1745,1747,4
1746,1748,4
1747,175,8
1748,175,8
1749,1752,8
1749,1753,16
1750,1751,8
1750,1754,8
1751,1753,8
1752,1754,8
1753,177,16
1754,177,16
1755,1758,8
1755,1759,16
1756,1757,8
1756,1760,8
1757,1759,8
1758,1760,8
1759,178,16
1760,178,16
1761,1764,8
1761,1765,16
1762,1763,8
1762,1766,8
1763,1765,8
1764,1766,8
1765,181,16
1766,181,16
1767,1770,8
1767,1771,16
1768,1769,8
1768,1772,8
1769,1771,8
1770,1772,8
1771,17,16
1772,17,16
1773,1776,4
1773,1777,8
1774,1775,4
1774,1778,4
1775,1777,4
1776,1778,4
1777,182,8
1778,182,8
1779,1782,8
1779,1783,16
1780,1781,8
1780,1784,8
1781,1783,8
1782,1784,8
1783,17,16
1784,17,16
1785,1788,4
1785,1789,8
1786,1787,4
1786,1790,4
1787,1789,4
1788,1790,4
1789,180,8
1790,180,8
1791,1794,4
1791,1795,8
1792,1793,4
1792,1796,4
1793,1795,4
1794,1796,4
1795,182,8
1796,182,8
1797,1800,4
1797,1801,8
1798,1799,4
1798,1802,4
1799,1801,4
1800,1802,4
1801,179,8
1802,179,8
1803,1806,4
1803,1807,8
1804,1805,4
1804,1808,4
1805,1807,4
1806,1808,4
1807,181,8
1808,181,8
1809,1812,8
1809,1813,16
1810,1811,8
1810,1814,8
1811,1813,8
1812,1814,8
1813,183,16
1814,183,16
1815,1818,8
1815,1819,16
1816,1817,8
1816,1820,8
1817,1819,8
1818,1820,8
1819,184,16
1820,184,16
1821,1824,8
1821,1825,16
1822,1823,8
1822,1826,8
1823,1825,8
1824,1826,8
1825,187,16
1826,187,16
1827,1830,8
1827,1831,16
1828,1829,8
1828,1832,8
1829,1831,8
1830,1832,8
1831,19,16
1832,19,16
1833,1836,4
1833,1837,8
1834,1835,4
1834,1838,4
1835,1837,4
1836,1838,4
1837,188,8
1838,188,8
1839,1842,8
1839,1843,16
1840,1841,8
1840,1844,8
1841,1843,8
1842,1844,8
1843,19,16
1844,19,16
1845,1848,4
1845,1849,8
1846,1847,4
1846,1850,4
1847,1849,4
1848,1850,4
1849,186,8
1850,186,8
1851,1854,4
1851,1855,8
1852,1853,4
1852,1856,4
1853,1855,4
1854,1856,4
1855,188,8
1856,188,8
1857,1860,4
1857,1861,8
1858,1859,4
1858,1862,4
1859,1861,4
1860,1862,4
1861,185,8
1862,185,8
1863,1866,4
1863,1867,8
1864,1865,4
1864,1868,4
1865,1867,4
1866,1868,4
1867,187,8
1868,187,8
1869,1872,16
1869,1873,32
1870,1871,16
1870,1874,16
1871,1873,16
1872,1874,16
1873,189,32
1874,189,32
1875,1878,16
1875,1879,32
1876,1877,16
1876,1880,16
1877,1879,16
1878,1880,16
1879,190,32
1880,190,32
1881,1884,16
1881,1885,32
1882,1883,16
1882,1886,16
1883,1885,16
1884,1886,16
1885,193,32
1886,193,32
1887,1890,16
1887,1891,32
1888,1889,16
1888,1892,16
1889,1891,16
1890,1892,16
1891,21,32
1892,21,32
1893,1896,8
1893,1897,16
1894,1895,8
1894,1898,8
1895,1897,8
1896,1898,8
1897,194,16
1898,194,16
1899,1902,16
1899,1903,32
1900,1901,16
1900,1904,16
1901,1903,16
1902,1904,16
1903,21,32
1904,21,32
1905,1908,8
1905,1909,16
1906,1907,8
1906,1910,8
1907,1909,8
1908,1910,8
1909,192,16
1910,192,16
1911,1914,8
1911,1915,16
1912,1913,8
1912,1916,8
1913,1915,8
1914,1916,8
1915,194,16
1916,194,16
1917,1920,8
1917,1921,16
1918,1919,8
1918,1922,8
1919,1921,8
1920,1922,8
1921,191,16
1922,191,16
1923,1926,8
1923,1927,16
1924,1925,8
1924,1928,8
1925,1927,8
1926,1928,8
1927,193,16
1928,193,16
1929,1932,16
1929,1933,32
1930,1931,16
1930,1934,16
1931,1933,16
1932,1934,16
1933,195,32
1934,195,32
1935,1938,16
1935,1939,32
1936,1937,16
1936,1940,16
1937,1939,16
1938,1940,16
1939,196,32
1940,196,32
1941,1944,16
1941,1945,32
1942,1943,16
1942,1946,16
1943,1945,16
1944,1946,16
1945,199,32
1946,199,32
1947,1950,16
1947,1951,32
1948,1949,16
1948,1952,16
1949,1951,16
1950,1952,16
1951,22,32
1952,22,32
1953,1956,8
1953,1957,16
1954,1955,8
1954,1958,8
1955,1957,8
1956,1958,8
1957,200,16
1958,200,16
1959,1962,16
1959,1963,32
1960,1961,16
1960,1964,16
1961,1963,16
1962,1964,16
1963,22,32
1964,22,32
1965,1968,8
1965,1969,16
1966,1967,8
1966,1970,8
1967,1969,8
1968,1970,8
1969,198,16
1970,198,16
1971,1974,8
1971,1975,16
1972,1973,8
1972,1976,8
1973,1975,8
1974,1976,8
1975,200,16
1976,200,16
1977,1980,8
1977,1981,16
1978,1979,8
1978,1982,8
1979,1981,8
1980,1982,8
1981,197,16
1982,197,16
1983,1986,8
1983,1987,16
1984,1985,8
1984,1988,8
1985,1987,8
1986,1988,8
1987,199,16
1988,199,16
1989,1992,16
1989,1993,32
1990,1991,16
1990,1994,16
1991,1993,16
1992,1994,16
1993,201,32
1994,201,32
1995,1998,16
1995,1999,32
1996,1997,16
1996,2000,16
1997,1999,16
1998,2000,16
1999,202,32
2000,202,32
2001,2004,16
2001,2005,32
2002,2003,16
2002,2006,16
2003,2005,16
2004,2006,16
2005,205,32
2006,205,32
2007,2010,16
2007,2011,32
2008,2009,16
2008,2012,16
2009,2011,16
2010,2012,16
2011,25,32
2012,25,32
2013,2016,8
2013,2017,16
2014,2015,8
2014,2018,8
2015,2017,8
2016,2018,8
2017,206,16
2018,206,16
2019,2022,16
2019,2023,32
2020,2021,16
2020,2024,16
2021,2023,16
2022,2024,16
2023,25,32
2024,25,32
2025,2028,8
2025,2029,16
2026,2027,8
2026,2030,8
2027,2029,8
2028,2030,8
2029,204,16
2030,204,16
2031,2034,8
2031,2035,16
2032,2033,8
2032,2036,8
2033,2035,8
2034,2036,8
2035,206,16
2036,206,16
2037,2040,8
2037,2041,16
2038,2039,8
2038,2042,8
2039,2041,8
2040,2042,8
2041,203,16
2042,203,16
2043,2046,8
2043,2047,16
2044,2045,8
2044,2048,8
2045,2047,8
2046,2048,8
2047,205,16
2048,205,16
2049,2052,16
2049,2053,32
2050,2051,16
2050,2054,16
2051,2053,16
2052,2054,16
2053,207,32
2054,207,32
2055,2058,16
2055,2059,32
2056,2057,16
2056,2060,16
2057,2059,16
2058,2060,16
2059,208,32
2060,208,32
2061,2064,16
2061,2065,32
2062,2063,16
2062,2066,16
2063,2065,16
2064,2066,16
2065,211,32
2066,211,32
2067,2070,16
2067,2071,32
2068,2069,16
2068,2072,16
2069,2071,16
2070,2072,16
2071,7,32
2072,7,32
2073,2076,8
2073,2077,16
2074,2075,8
2074,2078,8
2075,2077,8
2076,2078,8
2077,212,16
2078,212,16
2079,2082,16
2079,2083,32
2080,2081,16
2080,2084,16
2081,2083,16
2082,2084,16
2083,7,32
2084,7,32
2085,2088,8
2085,2089,16
2086,2087,8
2086,2090,8
2087,2089,8
2088,2090,8
2089,210,16
2090,210,16
2091,2094,8
2091,2095,16
2092,2093,8
2092,2096,8
2093,2095,8
2094,2096,8
2095,212,16
2096,212,16
2097,2100,8
2097,2101,16
2098,2099,8
2098,2102,8
2099,2101,8
2100,2102,8
2101,209,16
2102,209,16
2103,2106,8
2103,2107,16
2104,2105,8
2104,2108,8
2105,2107,8
2106,2108,8
2107,211,16
2108,211,16
2109,2112,8
2109,2113,16
2110,2111,8
2110,2114,8
2111,2113,8
2112,2114,8
2113,213,16
2114,213,16
2115,2118,8
2115,2119,16
2116,2117,8
2116,2120,8
2117,2119,8
2118,2120,8
2119,214,16
2120,214,16
2121,2124,8
2121,2125,16
2122,2123,8
2122,2126,8
2123,2125,8
2124,2126,8
2125,217,16
2126,217,16
2127,2130,8
2127,2131,16
2128,2129,8
2128,2132,8
2129,2131,8
2130,2132,8
2131,26,16
2132,26,16
2133,2136,4
2133,2137,8
2134,2135,4
2134,2138,4
2135,2137,4
2136,2138,4
2137,218,8
2138,218,8
2139,2142,8
2139,2143,16
2140,2141,8
2140,2144,8
2141,2143,8
2142,2144,8
2143,26,16
2144,26,16
2145,2148,4
2145,2149,8
2146,2147,4
2146,2150,4
2147,2149,4
2148,2150,4
2149,216,8
2150,216,8
2151,2154,4
2151,2155,8
2152,2153,4
2152,2156,4
2153,2155,4
2154,2156,4
2155,218,8
2156,218,8
2157,2160,4
2157,2161,8
2158,2159,4
2158,2162,4
2159,2161,4
2160,2162,4
2161,215,8
2162,215,8
2163,2166,4
2163,2167,8
2164,2165,4
2164,2168,4
2165,2167,4
2166,2168,4
2167,217,8
2168,217,8
2169,2172,16
2169,2173,32
2170,2171,16
2170,2174,16
2171,2173,16
2172,2174,16
2173,219,32
2174,219,32
2175,2178,16
2175,2179,32
2176,2177,16
2176,2180,16
2177,2179,16
2178,2180,16
2179,220,32
2180,220,32
2181,2184,16
2181,2185,32
2182,2183,16
2182,2186,16
2183,2185,16
2184,2186,16
2185,223,32
2186,223,32
2187,2190,16
2187,2191,32
2188,2189,16
2188,2192,16
2189,2191,16
2190,2192,16
2191,7,32
2192,7,32
2193,2196,8
2193,2197,16
2194,2195,8
2194,2198,8
2195,2197,8
2196,2198,8
2197,224,16
2198,224,16
2199,2202,16
2199,2203,32
2200,2201,16
2200,2204,16
2201,2203,16
2202,2204,16
2203,7,32
2204,7,32
2205,2208,8
2205,2209,16
2206,2207,8
2206,2210,8
2207,2209,8
2208,2210,8
2209,222,16
2210,222,16
2211,2214,8
2211,2215,16
2212,2213,8
2212,2216,8
2213,2215,8
2214,2216,8
2215,224,16
2216,224,16
2217,2220,8
2217,2221,16
2218,2219,8
2218,2222,8
2219,2221,8
2220,2222,8
2221,221,16
2222,221,16
2223,2226,8
2223,2227,16
2224,2225,8
2224,2228,8
2225,2227,8
2226,2228,8
2227,223,16
2228,223,16
2229,2232,8
2229,2233,16
2230,2231,8
2230,2234,8
2231,2233,8
2232,2234,8
2233,225,16
2234,225,16
2235,2238,8
2235,2239,16
2236,2237,8
2236,2240,8
2237,2239,8
2238,2240,8
2239,226,16
2240,226,16
2241,2244,8
2241,2245,16
2242,2243,8
2242,2246,8
2243,2245,8
2244,2246,8
2245,229,16
2246,229,16
2247,2250,8
2247,2251,16
2248,2249,8
2248,2252,8
2249,2251,8
2250,2252,8
2251,24,16
2252,24,16
2253,2256,4
2253,2257,8
2254,2255,4
2254,2258,4
2255,2257,4
2256,2258,4
2257,230,8
2258,230,8
2259,2262,8
2259,2263,16
2260,2261,8
2260,2264,8
2261,2263,8
2262,2264,8
2263,24,16
2264,24,16
2265,2268,4
2265,2269,8
2266,2267,4
2266,2270,4
2267,2269,4
2268,2270,4
2269,228,8
2270,228,8
2271,2274,4
2271,2275,8
2272,2273,4
2272,2276,4
2273,2275,4
2274,2276,4
2275,230,8
2276,230,8
2277,2280,4
2277,2281,8
2278,2279,4
2278,2282,4
2279,2281,4
2280,2282,4
2281,227,8
2282,227,8
2283,2286,4
2283,2287,8
2284,2285,4
2284,2288,4
2285,2287,4
2286,2288,4
2287,229,8
2288,229,8
2289,2292,8
2289,2293,16
2290,2291,8
2290,2294,8
2291,2293,8
2292,2294,8
2293,231,16
2294,231,16
2295,2298,8
2295,2299,16
2296,2297,8
2296,2300,8
2297,2299,8
2298,2300,8
2299,232,16
2300,232,16
2301,2304,8
2301,2305,16
2302,2303,8
2302,2306,8
2303,2305,8
2304,2306,8
2305,235,16
2306,235,16
2307,2310,8
2307,2311,16
2308,2309,8
2308,2312,8
2309,2311,8
2310,2312,8
2311,26,16
2312,26,16
2313,2316,4
2313,2317,8
2314,2315,4
2314,2318,4
2315,2317,4
2316,2318,4
2317,236,8
2318,236,8
2319,2322,8
2319,2323,16
2320,2321,8
2320,2324,8
2321,2323,8
2322,2324,8
2323,26,16
2324,26,16
2325,2328,4
2325,2329,8
2326,2327,4
2326,2330,4
2327,2329,4
2328,2330,4
2329,234,8
2330,234,8
2331,2334,4
2331,2335,8
2332,2333,4
2332,2336,4
2333,2335,4
2334,2336,4
2335,236,8
2336,236,8
2337,2340,4
2337,2341,8
2338,2339,4
2338,2342,4
2339,2341,4
2340,2342,4
2341,233,8
2342,233,8
2343,2346,4
2343,2347,8
2344,2345,4
2344,2348,4
2345,2347,4
2346,2348,4
2347,235,8
2348,235,8
2349,2352,8
2349,2353,16
2350,2351,8
2350,2354,8
2351,2353,8
2352,2354,8
2353,237,16
2354,237,16
2355,2358,8
2355,2359,16
2356,2357,8
2356,2360,8
2357,2359,8
2358,2360,8
2359,238,16
2360,238,16
2361,2364,8
2361,2365,16
2362,2363,8
2362,2366,8
2363,2365,8
2364,2366,8
2365,241,16
2366,241,16
2367,2370,8
2367,2371,16
2368,2369,8
2368,2372,8
2369,2371,8
2370,2372,8
2371,23,16
2372,23,16
2373,2376,4
2373,2377,8
2374,2375,4
2374,2378,4
2375,2377,4
2376,2378,4
2377,242,8
2378,242,8
2379,2382,8
2379,2383,16
2380,2381,8
2380,2384,8
2381,2383,8
2382,2384,8
2383,23,16
2384,23,16
2385,2388,4
2385,2389,8
2386,2387,4
2386,2390,4
2387,2389,4
2388,2390,4
2389,240,8
2390,240,8
2391,2394,4
2391,2395,8
2392,2393,4
2392,2396,4
2393,2395,4
2394,2396,4
2395,242,8
2396,242,8
2397,2400,4
2397,2401,8
2398,2399,4
2398,2402,4
2399,2401,4
2400,2402,4
2401,239,8
2402,239,8
2403,2406,4
2403,2407,8
2404,2405,4
2404,2408,4
2405,2407,4
2406,2408,4
2407,241,8
2408,241,8
2409,2412,8
2409,2413,16
2410,2411,8
2410,2414,8
2411,2413,8
2412,2414,8
2413,243,16
2414,243,16
2415,2418,8
2415,2419,16
2416,2417,8
2416,2420,8
2417,2419,8
2418,2420,8
2419,244,16
2420,244,16
2421,2424,8
2421,2425,16
2422,2423,8
2422,2426,8
2423,2425,8
2424,2426,8
2425,247,16
2426,247,16
2427,2430,8
2427,2431,16
2428,2429,8
2428,2432,8
2429,2431,8
2430,2432,8
2431,25,16
2432,25,16
2433,2436,4
2433,2437,8
2434,2435,4
2434,2438,4
2435,2437,4
2436,2438,4
2437,248,8
2438,248,8
2439,2442,8
2439,2443,16
2440,2441,8
2440,2444,8
2441,2443,8
2442,2444,8
2443,25,16
2444,25,16
2445,2448,4
2445,2449,8
2446,2447,4
2446,2450,4
2447,2449,4
2448,2450,4
2449,246,8
2450,246,8
2451,2454,4
2451,2455,8
2452,2453,4
2452,2456,4
2453,2455,4
2454,2456,4
2455,248,8
2456,248,8
2457,2460,4
2457,2461,8
2458,2459,4
2458,2462,4
2459,2461,4
2460,2462,4
2461,245,8
2462,245,8
2463,2466,4
2463,2467,8
2464,2465,4
2464,2468,4
2465,2467,4
2466,2468,4
2467,247,8
2468,247,8
2469,2472,16
2469,2473,32
2470,2471,16
2470,2474,16
2471,2473,16
2472,2474,16
2473,249,32
2474,249,32
2475,2478,16
2475,2479,32
2476,2477,16
2476,2480,16
2477,2479,16
2478,2480,16
2479,250,32
2480,250,32
2481,2484,16
2481,2485,32
2482,2483,16
2482,2486,16
2483,2485,16
2484,2486,16
2485,253,32
2486,253,32
2487,2490,16
2487,2491,32
2488,2489,16
2488,2492,16
2489,2491,16
2490,2492,16
2491,27,32
2492,27,32
2493,2496,8
2493,2497,16
2494,2495,8
2494,2498,8
2495,2497,8
2496,2498,8
2497,254,16
2498,254,16
2499,2502,16
2499,2503,32
2500,2501,16
2500,2504,16
2501,2503,16
2502,2504,16
2503,27,32
2504,27,32
2505,2508,8
2505,2509,16
2506,2507,8
2506,2510,8
2507,2509,8
2508,2510,8
2509,252,16
2510,252,16
2511,2514,8
2511,2515,16
2512,2513,8
2512,2516,8
2513,2515,8
2514,2516,8
2515,254,16
2516,254,16
2517,2520,8
2517,2521,16
2518,2519,8
2518,2522,8
2519,2521,8
2520,2522,8
2521,251,16
2522,251,16
2523,2526,8
2523,2527,16
2524,2525,8
2524,2528,8
2525,2527,8
2526,2528,8
2527,253,16
2528,253,16
2529,2532,16
2529,2533,32
2530,2531,16
2530,2534,16
2531,2533,16
2532,2534,16
2533,255,32
2534,255,32
2535,2538,16
2535,2539,32
2536,2537,16
2536,2540,16
2537,2539,16
2538,2540,16
2539,256,32
2540,256,32
2541,2544,16
2541,2545,32
2542,2543,16
2542,2546,16
2543,2545,16
2544,2546,16
2545,259,32
2546,259,32
2547,2550,16
2547,2551,32
2548,2549,16
2548,2552,16
2549,2551,16
2550,2552,16
2551,28,32
2552,28,32
2553,2556,8
2553,2557,16
2554,2555,8
2554,2558,8
2555,2557,8
2556,2558,8
2557,260,16
2558,260,16
2559,2562,16
2559,2563,32
2560,2561,16
2560,2564,16
2561,2563,16
2562,2564,16
2563,28,32
2564,28,32
2565,2568,8
2565,2569,16
2566,2567,8
2566,2570,8
2567,2569,8
2568,2570,8
2569,258,16
2570,258,16
2571,2574,8
2571,2575,16
2572,2573,8
2572,2576,8
2573,2575,8
2574,2576,8
2575,260,16
2576,260,16
2577,2580,8
2577,2581,16
2578,2579,8
2578,2582,8
2579,2581,8
2580,2582,8
2581,257,16
2582,257,16
2583,2586,8
2583,2587,16
2584,2585,8
2584,2588,8
2585,2587,8
2586,2588,8
2587,259,16
2588,259,16
2589,2592,16
2589,2593,32
2590,2591,16
2590,2594,16
2591,2593,16
2592,2594,16
2593,261,32
2594,261,32
2595,2598,16
2595,2599,32
2596,2597,16
2596,2600,16
2597,2599,16
2598,2600,16
2599,262,32
2600,262,32
2601,2604,16
2601,2605,32
2602,2603,16
2602,2606,16
2603,2605,16
2604,2606,16
2605,265,32
2606,265,32
2607,2610,16
2607,2611,32
2608,2609,16
2608,2612,16
2609,2611,16
2610,2612,16
2611,31,32
2612,31,32
2613,2616,8
2613,2617,16
2614,2615,8
2614,2618,8
2615,2617,8
2616,2618,8
2617,266,16
2618,266,16
2619,2622,16
2619,2623,32
2620,2621,16
2620,2624,16
2621,2623,16
2622,2624,16
2623,31,32
2624,31,32
2625,2628,8
2625,2629,16
2626,2627,8
2626,2630,8
2627,2629,8
2628,2630,8
2629,264,16
2630,264,16
2631,2634,8
2631,2635,16
2632,2633,8
2632,2636,8
2633,2635,8
2634,2636,8
2635,266,16
2636,266,16
2637,2640,8
2637,2641,16
2638,2639,8
2638,2642,8
2639,2641,8
2640,2642,8
2641,263,16
2642,263,16
2643,2646,8
2643,2647,16
2644,2645,8
2644,2648,8
2645,2647,8
2646,2648,8
2647,265,16
2648,265,16
2649,2652,16
2649,2653,32
2650,2651,16
2650,2654,16
2651,2653,16
2652,2654,16
2653,267,32
2654,267,32
2655,2658,16
2655,2659,32
2656,2657,16
2656,2660,16
2657,2659,16
2658,2660,16
2659,268,32
2660,268,32
2661,2664,16
2661,2665,32
2662,2663,16
2662,2666,16
2663,2665,16
2664,2666,16
2665,271,32
2666,271,32
2667,2670,16
2667,2671,32
2668,2669,16
2668,2672,16
2669,2671,16
2670,2672,16
2671,2,32
2672,2,32
2673,2676,8
2673,2677,16
2674,2675,8
2674,2678,8
2675,2677,8
2676,2678,8
2677,272,16
2678,272,16
2679,2682,16
2679,2683,32
2680,2681,16
2680,2684,16
2681,2683,16
2682,2684,16
2683,2,32
2684,2,32
2685,2688,8
2685,2689,16
2686,2687,8
2686,2690,8
2687,2689,8
2688,2690,8
2689,270,16
2690,270,16
2691,2694,8
2691,2695,16
2692,2693,8
2692,2696,8
2693,2695,8
2694,2696,8
2695,272,16
2696,272,16
2697,2700,8
2697,2701,16
2698,2699,8
2698,2702,8
2699,2701,8
2700,2702,8
2701,269,16
2702,269,16
2703,2706,8
2703,2707,16
2704,2705,8
2704,2708,8
2705,2707,8
2706,2708,8
2707,271,16
2708,271,16
2709,2712,8
2709,2713,16
2710,2711,8
2710,2714,8
2711,2713,8
2712,2714,8
2713,273,16
2714,273,16
2715,2718,8
2715,2719,16
2716,2717,8
2716,2720,8
2717,2719,8
2718,2720,8
2719,274,16
2720,274,16
2721,2724,8
2721,2725,16
2722,2723,8
2722,2726,8
2723,2725,8
2724,2726,8
2725,277,16
2726,277,16
2727,2730,8
2727,2731,16
2728,2729,8
2728,2732,8
2729,2731,8
2730,2732,8
2731,32,16
2732,32,16
2733,2736,4
2733,2737,8
2734,2735,4
2734,2738,4
2735,2737,4
2736,2738,4
2737,278,8
2738,278,8
2739,2742,8
2739,2743,16
2740,2741,8
2740,2744,8
2741,2743,8
2742,2744,8
2743,32,16
2744,32,16
2745,2748,4
2745,2749,8
2746,2747,4
2746,2750,4
2747,2749,4
2748,2750,4
2749,276,8
2750,276,8
2751,2754,4
2751,2755,8
2752,2753,4
2752,2756,4
2753,2755,4
2754,2756,4
2755,278,8
2756,278,8
2757,2760,4
2757,2761,8
2758,2759,4
2758,2762,4
2759,2761,4
2760,2762,4
2761,275,8
2762,275,8
2763,2766,4
2763,2767,8
2764,2765,4
2764,2768,4
2765,2767,4
2766,2768,4
2767,277,8
2768,277,8
2769,2772,16
2769,2773,32
2770,2771,16
2770,2774,16
2771,2773,16
2772,2774,16
2773,279,32
2774,279,32
2775,2778,16
2775,2779,32
2776,2777,16
2776,2780,16
2777,2779,16
2778,2780,16
2779,280,32
2780,280,32
2781,2784,16
2781,2785,32
2782,2783,16
2782,2786,16
2783,2785,16
2784,2786,16
2785,283,32
2786,283,32
2787,2790,16
2787,2791,32
2788,2789,16
2788,2792,16
2789,2791,16
2790,2792,16
2791,2,32
2792,2,32
2793,2796,8
2793,2797,16
2794,2795,8
2794,2798,8
2795,2797,8
2796,2798,8
2797,284,16
2798,284,16
2799,2802,16
2799,2803,32
2800,2801,16
2800,2804,16
2801,2803,16
2802,2804,16
2803,2,32
2804,2,32
2805,2808,8
2805,2809,16
2806,2807,8
2806,2810,8
2807,2809,8
2808,2810,8
2809,282,16
2810,282,16
2811,2814,8
2811,2815,16
2812,2813,8
2812,2816,8
2813,2815,8
2814,2816,8
2815,284,16
2816,284,16
2817,2820,8
2817,2821,16
2818,2819,8
2818,2822,8
2819,2821,8
2820,2822,8
2821,281,16
2822,281,16
2823,2826,8
2823,2827,16
2824,2825,8
2824,2828,8
2825,2827,8
2826,2828,8
2827,283,16
2828,283,16
2829,2832,8
2829,2833,16
2830,2831,8
2830,2834,8
2831,2833,8
2832,2834,8
2833,285,16
2834,285,16
2835,2838,8
2835,2839,16
2836,2837,8
2836,2840,8
2837,2839,8
2838,2840,8
2839,286,16
2840,286,16
2841,2844,8
2841,2845,16
2842,2843,8
2842,2846,8
2843,2845,8
2844,2846,8
2845,289,16
2846,289,16
2847,2850,8
2847,2851,16
2848,2849,8
2848,2852,8
2849,2851,8
2850,2852,8
2851,30,16
2852,30,16
2853,2856,4
2853,2857,8
2854,2855,4
2854,2858,4
2855,2857,4
2856,2858,4
2857,290,8
2858,290,8
2859,2862,8
2859,2863,16
2860,2861,8
2860,2864,8
2861,2863,8
2862,2864,8
2863,30,16
2864,30,16
2865,2868,4
2865,2869,8
2866,2867,4
2866,2870,4
2867,2869,4
2868,2870,4
2869,288,8
2870,288,8
2871,2874,4
2871,2875,8
2872,2873,4
2872,2876,4
2873,2875,4
2874,2876,4
2875,290,8
2876,290,8
2877,2880,4
2877,2881,8
2878,2879,4
2878,2882,4
2879,2881,4
2880,2882,4
2881,287,8
2882,287,8
2883,2886,4
2883,2887,8
2884,2885,4
2884,2888,4
2885,2887,4
2886,2888,4
2887,289,8
2888,289,8
2889,2892,8
2889,2893,16
2890,2891,8
2890,2894,8
2891,2893,8
2892,2894,8
2893,291,16
2894,291,16
2895,2898,8
2895,2899,16
2896,2897,8
2896,2900,8
2897,2899,8
2898,2900,8
2899,292,16
2900,292,16
2901,2904,8
2901,2905,16
2902,2903,8
2902,2906,8
2903,2905,8
2904,2906,8
2905,295,16
2906,295,16
2907,2910,8
2907,2911,16
2908,2909,8
2908,2912,8
2909,2911,8
2910,2912,8
2911,32,16
2912,32,16
2913,2916,4
2913,2917,8
2914,2915,4
2914,2918,4
2915,2917,4
2916,2918,4
2917,296,8
2918,296,8
2919,2922,8
2919,2923,16
2920,2921,8
2920,2924,8
2921,2923,8
2922,2924,8
2923,32,16
2924,32,16
2925,2928,4
2925,2929,8
2926,2927,4
2926,2930,4
2927,2929,4
2928,2930,4
2929,294,8
2930,294,8
2931,2934,4
2931,2935,8
2932,2933,4
2932,2936,4
2933,2935,4
2934,2936,4
2935,296,8
2936,296,8
2937,2940,4
2937,2941,8
2938,2939,4
2938,2942,4
2939,2941,4
2940,2942,4
2941,293,8
2942,293,8
2943,2946,4
2943,2947,8
2944,2945,4
2944,2948,4
2945,2947,4
2946,2948,4
2947,295,8
2948,295,8
2949,2952,8
2949,2953,16
2950,2951,8
2950,2954,8
2951,2953,8
2952,2954,8
2953,297,16
2954,297,16
2955,2958,8
2955,2959,16
2956,2957,8
2956,2960,8
2957,2959,8
2958,2960,8
2959,298,16
2960,298,16
2961,2964,8
2961,2965,16
2962,2963,8
2962,2966,8
2963,2965,8
2964,2966,8
2965,301,16
2966,301,16
2967,2970,8
2967,2971,16
2968,2969,8
2968,2972,8
2969,2971,8
2970,2972,8
2971,29,16
2972,29,16
2973,2976,4
2973,2977,8
2974,2975,4
2974,2978,4
2975,2977,4
2976,2978,4
2977,302,8
2978,302,8
2979,2982,8
2979,2983,16
2980,2981,8
2980,2984,8
2981,2983,8
2982,2984,8
2983,29,16
2984,29,16
2985,2988,4
2985,2989,8
2986,2987,4
2986,2990,4
2987,2989,4
2988,2990,4
2989,300,8
2990,300,8
2991,2994,4
2991,2995,8
2992,2993,4
2992,2996,4
2993,2995,4
2994,2996,4
2995,302,8
2996,302,8
2997,3000,4
2997,3001,8
2998,2999,4
2998,3002,4
2999,3001,4
3000,3002,4
3001,299,8
3002,299,8
3003,3006,4
3003,3007,8
3004,3005,4
3004,3008,4
3005,3007,4
3006,3008,4
3007,301,8
3008,301,8
3009,3012,8
3009,3013,16
3010,3011,8
3010,3014,8
3011,3013,8
3012,3014,8
3013,303,16
3014,303,16
3015,3018,8
3015,3019,16
3016,3017,8
3016,3020,8
3017,3019,8
3018,3020,8
3019,304,16
3020,304,16
3021,3024,8
3021,3025,16
3022,3023,8
3022,3026,8
3023,3025,8
3024,3026,8
3025,307,16
3026,307,16
3027,3030,8
3027,3031,16
3028,3029,8
3028,3032,8
3029,3031,8
3030,3032,8
3031,31,16
3032,31,16
3033,3036,4
3033,3037,8
3034,3035,4
3034,3038,4
3035,3037,4
3036,3038,4
3037,308,8
3038,308,8
3039,3042,8
3039,3043,16
3040,3041,8
3040,3044,8
3041,3043,8
3042,3044,8
3043,31,16
3044,31,16
3045,3048,4
3045,3049,8
3046,3047,4
3046,3050,4
3047,3049,4
3048,3050,4
3049,306,8
3050,306,8
3051,3054,4
3051,3055,8
3052,3053,4
3052,3056,4
3053,3055,4
3054,3056,4
3055,308,8
3056,308,8
3057,3060,4
3057,3061,8
3058,3059,4
3058,3062,4
3059,3061,4
3060,3062,4
3061,305,8
3062,305,8
3063,3066,4
3063,3067,8
3064,3065,4
3064,3068,4
3065,3067,4
3066,3068,4
3067,307,8
3068,307,8
3069,3072,8
3069,3073,16
3070,3071,8
3070,3074,8
3071,3073,8
3072,3074,8
3073,309,16
3074,309,16
3075,3078,8
3075,3079,16
3076,3077,8
3076,3080,8
3077,3079,8
3078,3080,8
3079,310,16
3080,310,16
3081,3084,8
3081,3085,16
3082,3083,8
3082,3086,8
3083,3085,8
3084,3086,8
3085,313,16
3086,313,16
3087,3090,8
3087,3091,16
3088,3089,8
3088,3092,8
3089,3091,8
3090,3092,8
3091,33,16
3092,33,16
3093,3096,4
3093,3097,8
3094,3095,4
3094,3098,4
3095,3097,4
3096,3098,4
3097,314,8
3098,314,8
3099,3102,8
3099,3103,16
3100,3101,8
3100,3104,8
3101,3103,8
3102,3104,8
3103,33,16
3104,33,16
3105,3108,4
3105,3109,8
3106,3107,4
3106,3110,4
3107,3109,4
3108,3110,4
3109,312,8
3110,312,8
3111,3114,4
3111,3115,8
3112,3113,4
3112,3116,4
3113,3115,4
3114,3116,4
3115,314,8
3116,314,8
3117,3120,4
3117,3121,8
3118,3119,4
3118,3122,4
3119,3121,4
3120,3122,4
3121,311,8
3122,311,8
3123,3126,4
3123,3127,8
3124,3125,4
3124,3128,4
3125,3127,4
3126,3128,4
3127,313,8
3128,313,8
3129,3132,8
3129,3133,16
3130,3131,8
3130,3134,8
3131,3133,8
3132,3134,8
3133,315,16
3134,315,16
3135,3138,8
3135,3139,16
3136,3137,8
3136,3140,8
3137,3139,8
3138,3140,8
3139,316,16
3140,316,16
3141,3144,8
3141,3145,16
3142,3143,8
3142,3146,8
3143,3145,8
3144,3146,8
3145,319,16
3146,319,16
3147,3150,8
3147,3151,16
3148,3149,8
3148,3152,8
3149,3151,8
3150,3152,8
3151,34,16
3152,34,16
3153,3156,4
3153,3157,8
3154,3155,4
3154,3158,4
3155,3157,4
3156,3158,4
3157,320,8
3158,320,8
3159,3162,8
3159,3163,16
3160,3161,8
3160,3164,8
3161,3163,8
3162,3164,8
3163,34,16
3164,34,16
3165,3168,4
3165,3169,8
3166,3167,4
3166,3170,4
3167,3169,4
3168,3170,4
3169,318,8
3170,318,8
3171,3174,4
3171,3175,8
3172,3173,4
3172,3176,4
3173,3175,4
3174,3176,4
3175,320,8
3176,320,8
3177,3180,4
3177,3181,8
3178,3179,4
3178,3182,4
3179,3181,4
3180,3182,4
3181,317,8
3182,317,8
3183,3186,4
3183,3187,8
3184,3185,4
3184,3188,4
3185,3187,4
3186,3188,4
3187,319,8
3188,319,8
3189,3192,8
3189,3193,16
3190,3191,8
3190,3194,8
3191,3193,8
3192,3194,8
3193,321,16
3194,321,16
3195,3198,8
3195,3199,16
3196,3197,8
3196,3200,8
3197,3199,8
3198,3200,8
3199,322,16
3200,322,16
3201,3204,8
3201,3205,16
3202,3203,8
3202,3206,8
3203,3205,8
3204,3206,8
3205,325,16
3206,325,16
3207,3210,8
3207,3211,16
3208,3209,8
3208,3212,8
3209,3211,8
3210,3212,8
3211,37,16
3212,37,16
3213,3216,4
3213,3217,8
3214,3215,4
3214,3218,4
3215,3217,4
3216,3218,4
3217,326,8
3218,326,8
3219,3222,8
3219,3223,16
3220,3221,8
3220,3224,8
3221,3223,8
3222,3224,8
3223,37,16
3224,37,16
3225,3228,4
3225,3229,8
3226,3227,4
3226,3230,4
3227,3229,4
3228,3230,4
3229,324,8
3230,324,8
3231,3234,4
3231,3235,8
3232,3233,4
3232,3236,4
3233,3235,4
3234,3236,4
3235,326,8
3236,326,8
3237,3240,4
3237,3241,8
3238,3239,4
3238,3242,4
3239,3241,4
3240,3242,4
3241,323,8
3242,323,8
3243,3246,4
3243,3247,8
3244,3245,4
3244,3248,4
3245,3247,4
3246,3248,4
3247,325,8
3248,325,8
3249,3252,8
3249,3253,16
3250,3251,8
3250,3254,8
3251,3253,8
3252,3254,8
3253,327,16
3254,327,16
3255,3258,8
3255,3259,16
3256,3257,8
3256,3260,8
3257,3259,8
3258,3260,8
3259,328,16
3260,328,16
3261,3264,8
3261,3265,16
3262,3263,8
3262,3266,8
3263,3265,8
3264,3266,8
3265,331,16
3266,331,16
3267,3270,8
3267,3271,16
3268,3269,8
3268,3272,8
3269,3271,8
3270,3272,8
3271,8,16
3272,8,16
3273,3276,4
3273,3277,8
3274,3275,4
3274,3278,4
3275,3277,4
3276,3278,4
3277,332,8
3278,332,8
3279,3282,8
3279,3283,16
3280,3281,8
3280,3284,8
3281,3283,8
3282,3284,8
3283,8,16
3284,8,16
3285,3288,4
3285,3289,8
3286,3287,4
3286,3290,4
3287,3289,4
3288,3290,4
3289,330,8
3290,330,8
3291,3294,4
3291,3295,8
3292,3293,4
3292,3296,4
3293,3295,4
3294,3296,4
3295,332,8
3296,332,8
3297,3300,4
3297,3301,8
3298,3299,4
3298,3302,4
3299,3301,4
3300,3302,4
3301,329,8
3302,329,8
3303,3306,4
3303,3307,8
3304,3305,4
3304,3308,4
3305,3307,4
3306,3308,4
3307,331,8
3308,331,8
3309,3312,4
3309,3313,8
3310,3311,4
3310,3314,4
3311,3313,4
3312,3314,4
3313,333,8
3314,333,8
3315,3318,4
3315,3319,8
3316,3317,4
3316,3320,4
3317,3319,4
3318,3320,4
3319,334,8
3320,334,8
3321,3324,4
3321,3325,8
3322,3323,4
3322,3326,4
3323,3325,4
3324,3326,4
3325,337,8
3326,337,8
3327,3330,4
3327,3331,8
3328,3329,4
3328,3332,4
3329,3331,4
3330,3332,4
3331,38,8
3332,38,8
3333,3336,2
3333,3337,4
3334,3335,2
3334,3338,2
3335,3337,2
3336,3338,2
3337,338,4
3338,338,4
3339,3342,4
3339,3343,8
3340,3341,4
3340,3344,4
3341,3343,4
3342,3344,4
3343,38,8
3344,38,8
3345,3348,2
3345,3349,4
3346,3347,2
3346,3350,2
3347,3349,2
3348,3350,2
3349,336,4
3350,336,4
3351,3354,2
3351,3355,4
3352,3353,2
3352,3356,2
3353,3355,2
3354,3356,2
3355,338,4
3356,338,4
3357,3360,2
3357,3361,4
3358,3359,2
3358,3362,2
3359,3361,2
3360,3362,2
3361,335,4
3362,335,4
3363,3366,2
3363,3367,4
3364,3365,2
3364,3368,2
3365,3367,2
3366,3368,2
3367,337,4
3368,337,4
3369,3372,8
3369,3373,16
3370,3371,8
3370,3374,8
3371,3373,8
3372,3374,8
3373,339,16
3374,339,16
3375,3378,8
3375,3379,16
3376,3377,8
3376,3380,8
3377,3379,8
3378,3380,8
3379,340,16
3380,340,16
3381,3384,8
3381,3385,16
3382,3383,8
3382,3386,8
3383,3385,8
3384,3386,8
3385,343,16
3386,343,16
3387,3390,8
3387,3391,16
3388,3389,8
3388,3392,8
3389,3391,8
3390,3392,8
3391,8,16
3392,8,16
3393,3396,4
3393,3397,8
3394,3395,4
3394,3398,4
3395,3397,4
3396,3398,4
3397,344,8
3398,344,8
3399,3402,8
3399,3403,16
3400,3401,8
3400,3404,8
3401,3403,8
3402,3404,8
3403,8,16
3404,8,16
3405,3408,4
3405,3409,8
3406,3407,4
3406,3410,4
3407,3409,4
3408,3410,4
3409,342,8
3410,342,8
3411,3414,4
3411,3415,8
3412,3413,4
3412,3416,4
3413,3415,4
3414,3416,4
3415,344,8
3416,344,8
3417,3420,4
3417,3421,8
3418,3419,4
3418,3422,4
3419,3421,4
3420,3422,4
3421,341,8
3422,341,8
3423,3426,4
3423,3427,8
3424,3425,4
3424,3428,4
3425,3427,4
3426,3428,4
3427,343,8
3428,343,8
3429,3432,4
3429,3433,8
3430,3431,4
3430,3434,4
3431,3433,4
3432,3434,4
3433,345,8
3434,345,8
3435,3438,4
3435,3439,8
3436,3437,4
3436,3440,4
3437,3439,4
3438,3440,4
3439,346,8
3440,346,8
3441,3444,4
3441,3445,8
3442,3443,4
3442,3446,4
3443,3445,4
3444,3446,4
3445,349,8
3446,349,8
3447,3450,4
3447,3451,8
3448,3449,4
3448,3452,4
3449,3451,4
3450,3452,4
3451,36,8
3452,36,8
3453,3456,2
3453,3457,4
3454,3455,2
3454,3458,2
3455,3457,2
3456,3458,2
3457,350,4
3458,350,4
3459,3462,4
3459,3463,8
3460,3461,4
3460,3464,4
3461,3463,4
3462,3464,4
3463,36,8
3464,36,8
3465,3468,2
3465,3469,4
3466,3467,2
3466,3470,2
3467,3469,2
3468,3470,2
3469,348,4
3470,348,4
3471,3474,2
3471,3475,4
3472,3473,2
3472,3476,2
3473,3475,2
3474,3476,2
3475,350,4
3476,350,4
3477,3480,2
3477,3481,4
3478,3479,2
3478,3482,2
3479,3481,2
3480,3482,2
3481,347,4
3482,347,4
3483,3486,2
3483,3487,4
3484,3485,2
3484,3488,2
3485,3487,2
3486,3488,2
3487,349,4
3488,349,4
3489,3492,4
3489,3493,8
3490,3491,4
3490,3494,4
3491,3493,4
3492,3494,4
3493,351,8
3494,351,8
3495,3498,4
3495,3499,8
3496,3497,4
3496,3500,4
3497,3499,4
3498,3500,4
3499,352,8
3500,352,8
3501,3504,4
3501,3505,8
3502,3503,4
3502,3506,4
3503,3505,4
3504,3506,4
3505,355,8
3506,355,8
3507,3510,4
3507,3511,8
3508,3509,4
3508,3512,4
3509,3511,4
3510,3512,4
3511,38,8
3512,38,8
3513,3516,2
3513,3517,4
3514,3515,2
3514,3518,2
3515,3517,2
3516,3518,2
3517,356,4
3518,356,4
3519,3522,4
3519,3523,8
3520,3521,4
3520,3524,4
3521,3523,4
3522,3524,4
3523,38,8
3524,38,8
3525,3528,2
3525,3529,4
3526,3527,2
3526,3530,2
3527,3529,2
3528,3530,2
3529,354,4
3530,354,4
3531,3534,2
3531,3535,4
3532,3533,2
3532,3536,2
3533,3535,2
3534,3536,2
3535,356,4
3536,356,4
3537,3540,2
3537,3541,4
3538,3539,2
3538,3542,2
3539,3541,2
3540,3542,2
3541,353,4
3542,353,4
3543,3546,2
3543,3547,4
3544,3545,2
3544,3548,2
3545,3547,2
3546,3548,2
3547,355,4
3548,355,4
3549,3552,4
3549,3553,8
3550,3551,4
3550,3554,4
3551,3553,4
3552,3554,4
3553,357,8
3554,357,8
3555,3558,4
3555,3559,8
3556,3557,4
3556,3560,4
3557,3559,4
3558,3560,4
3559,358,8
3560,358,8
3561,3564,4
3561,3565,8
3562,3563,4
3562,3566,4
3563,3565,4
3564,3566,4
3565,361,8
3566,361,8
3567,3570,4
3567,3571,8
3568,3569,4
3568,3572,4
3569,3571,4
3570,3572,4
3571,35,8
3572,35,8
3573,3576,2
3573,3577,4
3574,3575,2
3574,3578,2
3575,3577,2
3576,3578,2
3577,362,4
3578,362,4
3579,3582,4
3579,3583,8
3580,3581,4
3580,3584,4
3581,3583,4
3582,3584,4
3583,35,8
3584,35,8
3585,3588,2
3585,3589,4
3586,3587,2
3586,3590,2
3587,3589,2
3588,3590,2
3589,360,4
3590,360,4
3591,3594,2
3591,3595,4
3592,3593,2
3592,3596,2
3593,3595,2
3594,3596,2
3595,362,4
3596,362,4
3597,3600,2
3597,3601,4
3598,3599,2
3598,3602,2
3599,3601,2
3600,3602,2
3601,359,4
3602,359,4
3603,3606,2
3603,3607,4
3604,3605,2
3604,3608,2
3605,3607,2
3606,3608,2
3607,361,4
3608,361,4
3609,3612,4
3609,3613,8
3610,3611,4
3610,3614,4
3611,3613,4
3612,3614,4
3613,363,8
3614,363,8
3615,3618,4
3615,3619,8
3616,3617,4
3616,3620,4
3617,3619,4
3618,3620,4
3619,364,8
3620,364,8
3621,3624,4
3621,3625,8
3622,3623,4
3622,3626,4
3623,3625,4
3624,3626,4
3625,367,8
3626,367,8
3627,3630,4
3627,3631,8
3628,3629,4
3628,3632,4
3629,3631,4
3630,3632,4
3631,37,8
3632,37,8
3633,3636,2
3633,3637,4
3634,3635,2
3634,3638,2
3635,3637,2
3636,3638,2
3637,368,4
3638,368,4
3639,3642,4
3639,3643,8
3640,3641,4
3640,3644,4
3641,3643,4
3642,3644,4
3643,37,8
3644,37,8
3645,3648,2
3645,3649,4
3646,3647,2
3646,3650,2
3647,3649,2
3648,3650,2
3649,366,4
3650,366,4
3651,3654,2
3651,3655,4
3652,3653,2
3652,3656,2
3653,3655,2
3654,3656,2
3655,368,4
3656,368,4
3657,3660,2
3657,3661,4
3658,3659,2
3658,3662,2
3659,3661,2
3660,3662,2
3661,365,4
3662,365,4
3663,3666,2
3663,3667,4
3664,3665,2
3664,3668,2
3665,3667,2
3666,3668,2
3667,367,4
3668,367,4
3669,3672,16
3669,3673,32
3670,3671,16
3670,3674,16
3671,3673,16
3672,3674,16
3673,369,32
3674,369,32
3675,3678,16
3675,3679,32
3676,3677,16
3676,3680,16
3677,3679,16
3678,3680,16
3679,370,32
3680,370,32
3681,3684,16
3681,3685,32
3682,3683,16
3682,3686,16
3683,3685,16
3684,3686,16
3685,373,32
3686,373,32
3687,3690,16
3687,3691,32
3688,3689,16
3688,3692,16
3689,3691,16
3690,3692,16
3691,39,32
3692,39,32
3693,3696,8
3693,3697,16
3694,3695,8
3694,3698,8
3695,3697,8
3696,3698,8
3697,374,16
3698,374,16
3699,3702,16
3699,3703,32
3700,3701,16
3700,3704,16
3701,3703,16
3702,3704,16
3703,39,32
3704,39,32
3705,3708,8
3705,3709,16
3706,3707,8
3706,3710,8
3707,3709,8
3708,3710,8
3709,372,16
3710,372,16
3711,3714,8
3711,3715,16
3712,3713,8
3712,3716,8
3713,3715,8
3714,3716,8
3715,374,16
3716,374,16
3717,3720,8
3717,3721,16
3718,3719,8
3718,3722,8
3719,3721,8
3720,3722,8
3721,371,16
3722,371,16
3723,3726,8
3723,3727,16
3724,3725,8
3724,3728,8
3725,3727,8
3726,3728,8
3727,373,16
3728,373,16
3729,3732,16
3729,3733,32
3730,3731,16
3730,3734,16
3731,3733,16
3732,3734,16
3733,375,32
3734,375,32
3735,3738,16
3735,3739,32
3736,3737,16
3736,3740,16
3737,3739,16
3738,3740,16
3739,376,32
3740,376,32
3741,3744,16
3741,3745,32
3742,3743,16
3742,3746,16
3743,3745,16
3744,3746,16
3745,379,32
3746,379,32
3747,3750,16
3747,3751,32
3748,3749,16
3748,3752,16
3749,3751,16
3750,3752,16
3751,40,32
3752,40,32
3753,3756,8
3753,3757,16
3754,3755,8
3754,3758,8
3755,3757,8
3756,3758,8
3757,380,16
3758,380,16
3759,3762,16
3759,3763,32
3760,3761,16
3760,3764,16
3761,3763,16
3762,3764,16
3763,40,32
3764,40,32
3765,3768,8
3765,3769,16
3766,3767,8
3766,3770,8
3767,3769,8
3768,3770,8
3769,378,16
3770,378,16
3771,3774,8
3771,3775,16
3772,3773,8
3772,3776,8
3773,3775,8
3774,3776,8
3775,380,16
3776,380,16
3777,3780,8
3777,3781,16
3778,3779,8
3778,3782,8
3779,3781,8
3780,3782,8
3781,377,16
3782,377,16
3783,3786,8
3783,3787,16
3784,3785,8
3784,3788,8
3785,3787,8
3786,3788,8
3787,379,16
3788,379,16
3789,3792,16
3789,3793,32
3790,3791,16
3790,3794,16
3791,3793,16
3792,3794,16
3793,381,32
3794,381,32
3795,3798,16
3795,3799,32
3796,3797,16
3796,3800,16
3797,3799,16
3798,3800,16
3799,382,32
3800,382,32
3801,3804,16
3801,3805,32
3802,3803,16
3802,3806,16
3803,3805,16
3804,3806,16
3805,385,32
3806,385,32
3807,3810,16
3807,3811,32
3808,3809,16
3808,3812,16
3809,3811,16
3810,3812,16
3811,43,32
3812,43,32
3813,3816,8
3813,3817,16
3814,3815,8
3814,3818,8
3815,3817,8
3816,3818,8
3817,386,16
3818,386,16
3819,3822,16
3819,3823,32
3820,3821,16
3820,3824,16
3821,3823,16
3822,3824,16
3823,43,32
3824,43,32
3825,3828,8
3825,3829,16
3826,3827,8
3826,3830,8
3827,3829,8
3828,3830,8
3829,384,16
3830,384,16
3831,3834,8
3831,3835,16
3832,3833,8
3832,3836,8
3833,3835,8
3834,3836,8
3835,386,16
3836,386,16
3837,3840,8
3837,3841,16
3838,3839,8
3838,3842,8
3839,3841,8
3840,3842,8
3841,383,16
3842,383,16
3843,3846,8
3843,3847,16
3844,3845,8
3844,3848,8
3845,3847,8
3846,3848,8
3847,385,16
3848,385,16
3849,3852,16
3849,3853,32
3850,3851,16
3850,3854,16
3851,3853,16
3852,3854,16
3853,387,32
3854,387,32
3855,3858,16
3855,3859,32
3856,3857,16
3856,3860,16
3857,3859,16
3858,3860,16
3859,388,32
3860,388,32
3861,3864,16
3861,3865,32
3862,3863,16
3862,3866,16
3863,3865,16
3864,3866,16
3865,391,32
3866,391,32
3867,3870,16
3867,3871,32
3868,3869,16
3868,3872,16
3869,3871,16
3870,3872,16
3871,2,32
3872,2,32
3873,3876,8
3873,3877,16
3874,3875,8
3874,3878,8
3875,3877,8
3876,3878,8
3877,392,16
3878,392,16
3879,3882,16
3879,3883,32
3880,3881,16
3880,3884,16
3881,3883,16
3882,3884,16
3883,2,32
3884,2,32
3885,3888,8
3885,3889,16
3886,3887,8
3886,3890,8
3887,3889,8
3888,3890,8
3889,390,16
3890,390,16
3891,3894,8
3891,3895,16
3892,3893,8
3892,3896,8
3893,3895,8
3894,3896,8
3895,392,16
3896,392,16
3897,3900,8
3897,3901,16
3898,3899,8
3898,3902,8
3899,3901,8
3900,3902,8
3901,389,16
3902,389,16
3903,3906,8
3903,3907,16
3904,3905,8
3904,3908,8
3905,3907,8
3906,3908,8
3907,391,16
3908,391,16
3909,3912,8
3909,3913,16
3910,3911,8
3910,3914,8
3911,3913,8
3912,3914,8
3913,393,16
3914,393,16
3915,3918,8
3915,3919,16
3916,3917,8
3916,3920,8
3917,3919,8
3918,3920,8
3919,394,16
3920,394,16
3921,3924,8
3921,3925,16
3922,3923,8
3922,3926,8
3923,3925,8
3924,3926,8
3925,397,16
3926,397,16
3927,3930,8
3927,3931,16
3928,3929,8
3928,3932,8
3929,3931,8
3930,3932,8
3931,44,16
3932,44,16
3933,3936,4
3933,3937,8
3934,3935,4
3934,3938,4
3935,3937,4
3936,3938,4
3937,398,8
3938,398,8
3939,3942,8
3939,3943,16
3940,3941,8
3940,3944,8
3941,3943,8
3942,3944,8
3943,44,16
3944,44,16
3945,3948,4
3945,3949,8
3946,3947,4
3946,3950,4
3947,3949,4
3948,3950,4
3949,396,8
3950,396,8
3951,3954,4
3951,3955,8
3952,3953,4
3952,3956,4
3953,3955,4
3954,3956,4
3955,398,8
3956,398,8
3957,3960,4
3957,3961,8
3958,3959,4
3958,3962,4
3959,3961,4
3960,3962,4
3961,395,8
3962,395,8
3963,3966,4
3963,3967,8
3964,3965,4
3964,3968,4
3965,3967,4
3966,3968,4
3967,397,8
3968,397,8
3969,3972,16
3969,3973,32
3970,3971,16
3970,3974,16
3971,3973,16
3972,3974,16
3973,399,32
3974,399,32
3975,3978,16
3975,3979,32
3976,3977,16
3976,3980,16
3977,3979,16
3978,3980,16
3979,400,32
3980,400,32
3981,3984,16
3981,3985,32
3982,3983,16
3982,3986,16
3983,3985,16
3984,3986,16
3985,403,32
3986,403,32
3987,3990,16
3987,3991,32
3988,3989,16
3988,3992,16
3989,3991,16
3990,3992,16
3991,2,32
3992,2,32
3993,3996,8
3993,3997,16
3994,3995,8
3994,3998,8
3995,3997,8
3996,3998,8
3997,404,16
3998,404,16
3999,4002,16
3999,4003,32
4000,4001,16
4000,4004,16
4001,4003,16
4002,4004,16
4003,2,32
4004,2,32
4005,4008,8
4005,4009,16
4006,4007,8
4006,4010,8
4007,4009,8
4008,4010,8
4009,402,16
4010,402,16
4011,4014,8
4011,4015,16
4012,4013,8
4012,4016,8
4013,4015,8
4014,4016,8
4015,404,16
4016,404,16
4017,4020,8
4017,4021,16
4018,4019,8
4018,4022,8
4019,4021,8
4020,4022,8
4021,401,16
4022,401,16
4023,4026,8
4023,4027,16
4024,4025,8
4024,4028,8
4025,4027,8
4026,4028,8
4027,403,16
4028,403,16
4029,4032,8
4029,4033,16
4030,4031,8
4030,4034,8
4031,4033,8
4032,4034,8
4033,405,16
4034,405,16
4035,4038,8
4035,4039,16
4036,4037,8
4036,4040,8
4037,4039,8
4038,4040,8
4039,406,16
4040,406,16
4041,4044,8
4041,4045,16
4042,4043,8
4042,4046,8
4043,4045,8
4044,4046,8
4045,409,16
4046,409,16
4047,4050,8
4047,4051,16
4048,4049,8
4048,4052,8
4049,4051,8
4050,4052,8
4051,42,16
4052,42,16
4053,4056,4
4053,4057,8
4054,4055,4
4054,4058,4
4055,4057,4
4056,4058,4
4057,410,8
4058,410,8
4059,4062,8
4059,4063,16
4060,4061,8
4060,4064,8
4061,4063,8
4062,4064,8
4063,42,16
4064,42,16
4065,4068,4
4065,4069,8
4066,4067,4
4066,4070,4
4067,4069,4
4068,4070,4
4069,408,8
4070,408,8
4071,4074,4
4071,4075,8
4072,4073,4
4072,4076,4
4073,4075,4
4074,4076,4
4075,410,8
4076,410,8
4077,4080,4
4077,4081,8
4078,4079,4
4078,4082,4
4079,4081,4
4080,4082,4
4081,407,8
4082,407,8
4083,4086,4
4083,4087,8
4084,4085,4
4084,4088,4
4085,4087,4
4086,4088,4
4087,409,8
4088,409,8
4089,4092,8
4089,4093,16
4090,4091,8
4090,4094,8
4091,4093,8
4092,4094,8
4093,411,16
4094,411,16
4095,4098,8
4095,4099,16
4096,4097,8
4096,4100,8
4097,4099,8
4098,4100,8
4099,412,16
4100,412,16
4101,4104,8
4101,4105,16
4102,4103,8
4102,4106,8
4103,4105,8
4104,4106,8
4105,415,16
4106,415,16
4107,4110,8
4107,4111,16
4108,4109,8
4108,4112,8
4109,4111,8
4110,4112,8
4111,44,16
4112,44,16
4113,4116,4
4113,4117,8
4114,4115,4
4114,4118,4
4115,4117,4
4116,4118,4
4117,416,8
4118,416,8
4119,4122,8
4119,4123,16
4120,4121,8
4120,4124,8
4121,4123,8
4122,4124,8
4123,44,16
4124,44,16
4125,4128,4
4125,4129,8
4126,4127,4
4126,4130,4
4127,4129,4
4128,4130,4
4129,414,8
4130,414,8
4131,4134,4
4131,4135,8
4132,4133,4
4132,4136,4
4133,4135,4
4134,4136,4
4135,416,8
4136,416,8
4137,4140,4
4137,4141,8
4138,4139,4
4138,4142,4
4139,4141,4
4140,4142,4
4141,413,8
4142,413,8
4143,4146,4
4143,4147,8
4144,4145,4
4144,4148,4
4145,4147,4
4146,4148,4
4147,415,8
4148,415,8
4149,4152,8
4149,4153,16
4150,4151,8
4150,4154,8
4151,4153,8
4152,4154,8
4153,417,16
4154,417,16
4155,4158,8
4155,4159,16
4156,4157,8
4156,4160,8
4157,4159,8
4158,4160,8
4159,418,16
4160,418,16
4161,4164,8
4161,4165,16
4162,4163,8
4162,4166,8
4163,4165,8
4164,4166,8
4165,421,16
4166,421,16
4167,4170,8
4167,4171,16
4168,4169,8
4168,4172,8
4169,4171,8
4170,4172,8
4171,41,16
4172,41,16
4173,4176,4
4173,4177,8
4174,4175,4
4174,4178,4
4175,4177,4
4176,4178,4
4177,422,8
4178,422,8
4179,4182,8
4179,4183,16
4180,4181,8
4180,4184,8
4181,4183,8
4182,4184,8
4183,41,16
4184,41,16
4185,4188,4
4185,4189,8
4186,4187,4
4186,4190,4
4187,4189,4
4188,4190,4
4189,420,8
4190,420,8
4191,4194,4
4191,4195,8
4192,4193,4
4192,4196,4
4193,4195,4
4194,4196,4
4195,422,8
4196,422,8
4197,4200,4
4197,4201,8
4198,4199,4
4198,4202,4
4199,4201,4
4200,4202,4
4201,419,8
4202,419,8
4203,4206,4
4203,4207,8
4204,4205,4
4204,4208,4
4205,4207,4
4206,4208,4
4207,421,8
4208,421,8
4209,4212,8
4209,4213,16
4210,4211,8
4210,4214,8
4211,4213,8
4212,4214,8
4213,423,16
4214,423,16
4215,4218,8
4215,4219,16
4216,4217,8
4216,4220,8
4217,4219,8
4218,4220,8
4219,424,16
4220,424,16
4221,4224,8
4221,4225,16
4222,4223,8
4222,4226,8
4223,4225,8
4224,4226,8
4225,427,16
4226,427,16
4227,4230,8
4227,4231,16
4228,4229,8
4228,4232,8
4229,4231,8
4230,4232,8
4231,43,16
4232,43,16
4233,4236,4
4233,4237,8
4234,4235,4
4234,4238,4
4235,4237,4
4236,4238,4
4237,428,8
4238,428,8
4239,4242,8
4239,4243,16
4240,4241,8
4240,4244,8
4241,4243,8
4242,4244,8
4243,43,16
4244,43,16
4245,4248,4
4245,4249,8
4246,4247,4
4246,4250,4
4247,4249,4
4248,4250,4
4249,426,8
4250,426,8
4251,4254,4
4251,4255,8
4252,4253,4
4252,4256,4
4253,4255,4
4254,4256,4
4255,428,8
4256,428,8
4257,4260,4
4257,4261,8
4258,4259,4
4258,4262,4
4259,4261,4
4260,4262,4
4261,425,8
4262,425,8
4263,4266,4
4263,4267,8
4264,4265,4
4264,4268,4
4265,4267,4
4266,4268,4
4267,427,8
4268,427,8
4269,4272,8
4269,4273,16
4270,4271,8
4270,4274,8
4271,4273,8
4272,4274,8
4273,429,16
4274,429,16
4275,4278,8
4275,4279,16
4276,4277,8
4276,4280,8
4277,4279,8
4278,4280,8
4279,430,16
4280,430,16
4281,4284,8
4281,4285,16
4282,4283,8
4282,4286,8
4283,4285,8
4284,4286,8
4285,433,16
4286,433,16
4287,4290,8
4287,4291,16
4288,4289,8
4288,4292,8
4289,4291,8
4290,4292,8
4291,45,16
4292,45,16
4293,4296,4
4293,4297,8
4294,4295,4
4294,4298,4
4295,4297,4
4296,4298,4
4297,434,8
4298,434,8
4299,4302,8
4299,4303,16
4300,4301,8
4300,4304,8
4301,4303,8
4302,4304,8
4303,45,16
4304,45,16
4305,4308,4
4305,4309,8
4306,4307,4
4306,4310,4
4307,4309,4
4308,4310,4
4309,432,8
4310,432,8
4311,4314,4
4311,4315,8
4312,4313,4
4312,4316,4
4313,4315,4
4314,4316,4
4315,434,8
4316,434,8
4317,4320,4
4317,4321,8
4318,4319,4
4318,4322,4
4319,4321,4
4320,4322,4
4321,431,8
4322,431,8
4323,4326,4
4323,4327,8
4324,4325,4
4324,4328,4
4325,4327,4
4326,4328,4
4327,433,8
4328,433,8
4329,4332,8
4329,4333,16
4330,4331,8
4330,4334,8
4331,4333,8
4332,4334,8
4333,435,16
4334,435,16
4335,4338,8
4335,4339,16
4336,4337,8
4336,4340,8
4337,4339,8
4338,4340,8
4339,436,16
4340,436,16
4341,4344,8
4341,4345,16
4342,4343,8
4342,4346,8
4343,4345,8
4344,4346,8
4345,439,16
4346,439,16
4347,4350,8
4347,4351,16
4348,4349,8
4348,4352,8
4349,4351,8
4350,4352,8
4351,46,16
4352,46,16
4353,4356,4
4353,4357,8
4354,4355,4
4354,4358,4
4355,4357,4
4356,4358,4
4357,440,8
4358,440,8
4359,4362,8
4359,4363,16
4360,4361,8
4360,4364,8
4361,4363,8
4362,4364,8
4363,46,16
4364,46,16
4365,4368,4
4365,4369,8
4366,4367,4
4366,4370,4
4367,4369,4
4368,4370,4
4369,438,8
4370,438,8
4371,4374,4
4371,4375,8
4372,4373,4
4372,4376,4
4373,4375,4
4374,4376,4
4375,440,8
4376,440,8
4377,4380,4
4377,4381,8
4378,4379,4
4378,4382,4
4379,4381,4
4380,4382,4
4381,437,8
4382,437,8
4383,4386,4
4383,4387,8
4384,4385,4
4384,4388,4
4385,4387,4
4386,4388,4
4387,439,8
4388,439,8
4389,4392,8
4389,4393,16
4390,4391,8
4390,4394,8
4391,4393,8
4392,4394,8
4393,441,16
4394,441,16
4395,4398,8
4395,4399,16
4396,4397,8
4396,4400,8
4397,4399,8
4398,4400,8
4399,442,16
4400,442,16
4401,4404,8
4401,4405,16
4402,4403,8
4402,4406,8
4403,4405,8
4404,4406,8
4405,445,16
4406,445,16
4407,4410,8
4407,4411,16
4408,4409,8
4408,4412,8
4409,4411,8
4410,4412,8
4411,49,16
4412,49,16
4413,4416,4
4413,4417,8
4414,4415,4
4414,4418,4
4415,4417,4
4416,4418,4
4417,446,8
4418,446,8
4419,4422,8
4419,4423,16
4420,4421,8
4420,4424,8
4421,4423,8
4422,4424,8
4423,49,16
4424,49,16
4425,4428,4
4425,4429,8
4426,4427,4
4426,4430,4
4427,4429,4
4428,4430,4
4429,444,8
4430,444,8
4431,4434,4
4431,4435,8
4432,4433,4
4432,4436,4
4433,4435,4
4434,4436,4
4435,446,8
4436,446,8
4437,4440,4
4437,4441,8
4438,4439,4
4438,4442,4
4439,4441,4
4440,4442,4
4441,443,8
4442,443,8
4443,4446,4
4443,4447,8
4444,4445,4
4444,4448,4
4445,4447,4
4446,4448,4
4447,445,8
4448,445,8
4449,4452,8
4449,4453,16
4450,4451,8
4450,4454,8
4451,4453,8
4452,4454,8
4453,447,16
4454,447,16
4455,4458,8
4455,4459,16
4456,4457,8
4456,4460,8
4457,4459,8
4458,4460,8
4459,448,16
4460,448,16
4461,4464,8
4461,4465,16
4462,4463,8
4462,4466,8
4463,4465,8
4464,4466,8
4465,451,16
4466,451,16
4467,4470,8
4467,4471,16
4468,4469,8
4468,4472,8
4469,4471,8
4470,4472,8
4471,6,16
4472,6,16
4473,4476,4
4473,4477,8
4474,4475,4
4474,4478,4
4475,4477,4
4476,4478,4
4477,452,8
4478,452,8
4479,4482,8
4479,4483,16
4480,4481,8
4480,4484,8
4481,4483,8
4482,4484,8
4483,6,16
4484,6,16
4485,4488,4
4485,4489,8
4486,4487,4
4486,4490,4
4487,4489,4
4488,4490,4
4489,450,8
4490,450,8
4491,4494,4
4491,4495,8
4492,4493,4
4492,4496,4
4493,4495,4
4494,4496,4
4495,452,8
4496,452,8
4497,4500,4
4497,4501,8
4498,4499,4
4498,4502,4
4499,4501,4
4500,4502,4
4501,449,8
4502,449,8
4503,4506,4
4503,4507,8
4504,4505,4
4504,4508,4
4505,4507,4
4506,4508,4
4507,451,8
4508,451,8
4509,4512,4
4509,4513,8
4510,4511,4
4510,4514,4
4511,4513,4
4512,4514,4
4513,453,8
4514,453,8
4515,4518,4
4515,4519,8
4516,4517,4
4516,4520,4
4517,4519,4
4518,4520,4
4519,454,8
4520,454,8
4521,4524,4
4521,4525,8
4522,4523,4
4522,4526,4
4523,4525,4
4524,4526,4
4525,457,8
4526,457,8
4527,4530,4
4527,4531,8
4528,4529,4
4528,4532,4
4529,4531,4
4530,4532,4
4531,50,8
4532,50,8
4533,4536,2
4533,4537,4
4534,4535,2
4534,4538,2
4535,4537,2
4536,4538,2
4537,458,4
4538,458,4
4539,4542,4
4539,4543,8
4540,4541,4
4540,4544,4
4541,4543,4
4542,4544,4
4543,50,8
4544,50,8
4545,4548,2
4545,4549,4
4546,4547,2
4546,4550,2
4547,4549,2
4548,4550,2
4549,456,4
4550,456,4
4551,4554,2
4551,4555,4
4552,4553,2
4552,4556,2
4553,4555,2
4554,4556,2
4555,458,4
4556,458,4
4557,4560,2
4557,4561,4
4558,4559,2
4558,4562,2
4559,4561,2
4560,4562,2
4561,455,4
4562,455,4
4563,4566,2
4563,4567,4
4564,4565,2
4564,4568,2
4565,4567,2
4566,4568,2
4567,457,4
4568,457,4
4569,4572,8
4569,4573,16
4570,4571,8
4570,4574,8
4571,4573,8
4572,4574,8
4573,459,16
4574,459,16
4575,4578,8
4575,4579,16
4576,4577,8
4576,4580,8
4577,4579,8
4578,4580,8
4579,460,16
4580,460,16
4581,4584,8
4581,4585,16
4582,4583,8
4582,4586,8
4583,4585,8
4584,4586,8
4585,463,16
4586,463,16
4587,4590,8
4587,4591,16
4588,4589,8
4588,4592,8
4589,4591,8
4590,4592,8
4591,6,16
4592,6,16
4593,4596,4
4593,4597,8
4594,4595,4
4594,4598,4
4595,4597,4
4596,4598,4
4597,464,8
4598,464,8
4599,4602,8
4599,4603,16
4600,4601,8
4600,4604,8
4601,4603,8
4602,4604,8
4603,6,16
4604,6,16
4605,4608,4
4605,4609,8
4606,4607,4
4606,4610,4
4607,4609,4
4608,4610,4
4609,462,8
4610,462,8
4611,4614,4
4611,4615,8
4612,4613,4
4612,4616,4
4613,4615,4
4614,4616,4
4615,464,8
4616,464,8
4617,4620,4
4617,4621,8
4618,4619,4
4618,4622,4
4619,4621,4
4620,4622,4
4621,461,8
4622,461,8
4623,4626,4
4623,4627,8
4624,4625,4
4624,4628,4
4625,4627,4
4626,4628,4
4627,463,8
4628,463,8
4629,4632,4
4629,4633,8
4630,4631,4
4630,4634,4
4631,4633,4
4632,4634,4
4633,465,8
4634,465,8
4635,4638,4
4635,4639,8
4636,4637,4
4636,4640,4
4637,4639,4
4638,4640,4
4639,466,8
4640,466,8
4641,4644,4
4641,4645,8
4642,4643,4
4642,4646,4
4643,4645,4
4644,4646,4
4645,469,8
4646,469,8
4647,4650,4
4647,4651,8
4648,4649,4
4648,4652,4
4649,4651,4
4650,4652,4
4651,48,8
4652,48,8
4653,4656,2
4653,4657,4
4654,4655,2
4654,4658,2
4655,4657,2
4656,4658,2
4657,470,4
4658,470,4
4659,4662,4
4659,4663,8
4660,4661,4
4660,4664,4
4661,4663,4
4662,4664,4
4663,48,8
4664,48,8
4665,4668,2
4665,4669,4
4666,4667,2
4666,4670,2
4667,4669,2
4668,4670,2
4669,468,4
4670,468,4
4671,4674,2
4671,4675,4
4672,4673,2
4672,4676,2
4673,4675,2
4674,4676,2
4675,470,4
4676,470,4
4677,4680,2
4677,4681,4
4678,4679,2
4678,4682,2
4679,4681,2
4680,4682,2
4681,467,4
4682,467,4
4683,4686,2
4683,4687,4
4684,4685,2
4684,4688,2
4685,4687,2
4686,4688,2
4687,469,4
4688,469,4
4689,4692,4
4689,4693,8
4690,4691,4
4690,4694,4
4691,4693,4
4692,4694,4
4693,471,8
4694,471,8
4695,4698,4
4695,4699,8
4696,4697,4
4696,4700,4
4697,4699,4
4698,4700,4
4699,472,8
4700,472,8
4701,4704,4
4701,4705,8
4702,4703,4
4702,4706,4
4703,4705,4
4704,4706,4
4705,475,8
4706,475,8
4707,4710,4
4707,4711,8
4708,4709,4
4708,4712,4
4709,4711,4
4710,4712,4
4711,50,8
4712,50,8
4713,4716,2
4713,4717,4
4714,4715,2
4714,4718,2
4715,4717,2
4716,4718,2
4717,476,4
4718,476,4
4719,4722,4
4719,4723,8
4720,4721,4
4720,4724,4
4721,4723,4
4722,4724,4
4723,50,8
4724,50,8
4725,4728,2
4725,4729,4
4726,4727,2
4726,4730,2
4727,4729,2
4728,4730,2
4729,474,4
4730,474,4
4731,4734,2
4731,4735,4
4732,4733,2
4732,4736,2
4733,4735,2
4734,4736,2
4735,476,4
4736,476,4
4737,4740,2
4737,4741,4
4738,4739,2
4738,4742,2
4739,4741,2
4740,4742,2
4741,473,4
4742,473,4
4743,4746,2
4743,4747,4
4744,4745,2
4744,4748,2
4745,4747,2
4746,4748,2
4747,475,4
4748,475,4
4749,4752,4
4749,4753,8
4750,4751,4
4750,4754,4
4751,4753,4
4752,4754,4
4753,477,8
4754,477,8
4755,4758,4
4755,4759,8
4756,4757,4
4756,4760,4
4757,4759,4
4758,4760,4
4759,478,8
4760,478,8
4761,4764,4
4761,4765,8
4762,4763,4
4762,4766,4
4763,4765,4
4764,4766,4
4765,481,8
4766,481,8
4767,4770,4
4767,4771,8
4768,4769,4
4768,4772,4
4769,4771,4
4770,4772,4
4771,47,8
4772,47,8
4773,4776,2
4773,4777,4
4774,4775,2
4774,4778,2
4775,4777,2
4776,4778,2
4777,482,4
4778,482,4
4779,4782,4
4779,4783,8
4780,4781,4
4780,4784,4
4781,4783,4
4782,4784,4
4783,47,8
4784,47,8
4785,4788,2
4785,4789,4
4786,4787,2
4786,4790,2
4787,4789,2
4788,4790,2
4789,480,4
4790,480,4
4791,4794,2
4791,4795,4
4792,4793,2
4792,4796,2
4793,4795,2
4794,4796,2
4795,482,4
4796,482,4
4797,4800,2
4797,4801,4
4798,4799,2
4798,4802,2
4799,4801,2
4800,4802,2
4801,479,4
4802,479,4
4803,4806,2
4803,4807,4
4804,4805,2
4804,4808,2
4805,4807,2
4806,4808,2
4807,481,4
4808,481,4
4809,4812,4
4809,4813,8
4810,4811,4
4810,4814,4
4811,4813,4
4812,4814,4
4813,483,8
4814,483,8
4815,4818,4
4815,4819,8
4816,4817,4
4816,4820,4
4817,4819,4
4818,4820,4
4819,484,8
4820,484,8
4821,4824,4
4821,4825,8
4822,4823,4
4822,4826,4
4823,4825,4
4824,4826,4
4825,487,8
4826,487,8
4827,4830,4
4827,4831,8
4828,4829,4
4828,4832,4
4829,4831,4
4830,4832,4
4831,49,8
4832,49,8
4833,4836,2
4833,4837,4
4834,4835,2
4834,4838,2
4835,4837,2
4836,4838,2
4837,488,4
4838,488,4
4839,4842,4
4839,4843,8
4840,4841,4
4840,4844,4
4841,4843,4
4842,4844,4
4843,49,8
4844,49,8
4845,4848,2
4845,4849,4
4846,4847,2
4846,4850,2
4847,4849,2
4848,4850,2
4849,486,4
4850,486,4
4851,4854,2
4851,4855,4
4852,4853,2
4852,4856,2
4853,4855,2
4854,4856,2
4855,488,4
4856,488,4
4857,4860,2
4857,4861,4
4858,4859,2
4858,4862,2
4859,4861,2
4860,4862,2
4861,485,4
4862,485,4
4863,4866,2
4863,4867,4
4864,4865,2
4864,4868,2
4865,4867,2
4866,4868,2
4867,487,4
4868,487,4
4869,4872,8
4869,4873,16
4870,4871,8
4870,4874,8
4871,4873,8
4872,4874,8
4873,489,16
4874,489,16
4875,4878,8
4875,4879,16
4876,4877,8
4876,4880,8
4877,4879,8
4878,4880,8
4879,490,16
4880,490,16
4881,4884,8
4881,4885,16
4882,4883,8
4882,4886,8
4883,4885,8
4884,4886,8
4885,493,16
4886,493,16
4887,4890,8
4887,4891,16
4888,4889,8
4888,4892,8
4889,4891,8
4890,4892,8
4891,51,16
4892,51,16
4893,4896,4
4893,4897,8
4894,4895,4
4894,4898,4
4895,4897,4
4896,4898,4
4897,494,8
4898,494,8
4899,4902,8
4899,4903,16
4900,4901,8
4900,4904,8
4901,4903,8
4902,4904,8
4903,51,16
4904,51,16
4905,4908,4
4905,4909,8
4906,4907,4
4906,4910,4
4907,4909,4
4908,4910,4
4909,492,8
4910,492,8
4911,4914,4
4911,4915,8
4912,4913,4
4912,4916,4
4913,4915,4
4914,4916,4
4915,494,8
4916,494,8
4917,4920,4
4917,4921,8
4918,4919,4
4918,4922,4
4919,4921,4
4920,4922,4
4921,491,8
4922,491,8
4923,4926,4
4923,4927,8
4924,4925,4
4924,4928,4
4925,4927,4
4926,4928,4
4927,493,8
4928,493,8
4929,4932,8
4929,4933,16
4930,4931,8
4930,4934,8
4931,4933,8
4932,4934,8
4933,495,16
4934,495,16
4935,4938,8
4935,4939,16
4936,4937,8
4936,4940,8
4937,4939,8
4938,4940,8
4939,496,16
4940,496,16
4941,4944,8
4941,4945,16
4942,4943,8
4942,4946,8
4943,4945,8
4944,4946,8
4945,499,16
4946,499,16
4947,4950,8
4947,4951,16
4948,4949,8
4948,4952,8
4949,4951,8
4950,4952,8
4951,52,16
4952,52,16
4953,4956,4
4953,4957,8
4954,4955,4
4954,4958,4
4955,4957,4
4956,4958,4
4957,500,8
4958,500,8
4959,4962,8
4959,4963,16
4960,4961,8
4960,4964,8
4961,4963,8
4962,4964,8
4963,52,16
4964,52,16
4965,4968,4
4965,4969,8
4966,4967,4
4966,4970,4
4967,4969,4
4968,4970,4
4969,498,8
4970,498,8
4971,4974,4
4971,4975,8
4972,4973,4
4972,4976,4
4973,4975,4
4974,4976,4
4975,500,8
4976,500,8
4977,4980,4
4977,4981,8
4978,4979,4
4978,4982,4
4979,4981,4
4980,4982,4
4981,497,8
4982,497,8
4983,4986,4
4983,4987,8
4984,4985,4
4984,4988,4
4985,4987,4
4986,4988,4
4987,499,8
4988,499,8
4989,4992,8
4989,4993,16
4990,4991,8
4990,4994,8
4991,4993,8
4992,4994,8
4993,501,16
4994,501,16
4995,4998,8
4995,4999,16
4996,4997,8
4996,5000,8
4997,4999,8
4998,5000,8
4999,502,16
5000,502,16
